,Representative,Street Address,City,State,Zip Code,ID,Owner,,
Alabama,Jerry Carl (R-1),3530 Independence Drive,Mobile,Alabama,36608,f502e709-a8fe-4368-bff7-55056bf668fc,d50ecbb2-6384-4cad-a7f8-ae0d593a971e,,
Alabama,Barry Moore (R-2),5761 Carmichael Parkway,Montgomery,Alabama,36117,253b62cb-605b-4868-9915-5656873e6e2c,d50ecbb2-6384-4cad-a7f8-ae0d593a971e,,
Alabama,Mike Rogers (R-3),1129 7th Avenue NE,Jacksonville,Alabama,36265,2e2df1fc-2896-47a1-bbb7-0e9a4376ceda,d50ecbb2-6384-4cad-a7f8-ae0d593a971e,,
Alabama,Robert Aderholt (R-4),"247 Carl Elliott Federal Building, 1710 Alabama Avenue",Jasper,Alabama,35501,6bc2e182-6301-4a4c-95ea-5ed9287af602,d50ecbb2-6384-4cad-a7f8-ae0d593a971e,,
Alabama,Dale Strong (R-5),"1011 George Wallace Boulevard, Suite 101",Tuscumbia,Alabama,35674,74028155-4597-4efd-8452-8b70ef2a5943,d50ecbb2-6384-4cad-a7f8-ae0d593a971e,,
Alabama,Gary Palmer (R-6),"3535 Grandview Parkway, Suite 525",Birmingham,Alabama,35243,6fed3ac6-3f44-4b1b-bd43-1c4532296f92,d50ecbb2-6384-4cad-a7f8-ae0d593a971e,,
Alabama,Terri Sewell (D-7),"Two 20th Street North, Suite 1130",Birmingham,Alabama,35203,bc2ad4a9-e9bf-47b5-832e-2fef614fa32b,d50ecbb2-6384-4cad-a7f8-ae0d593a971e,,
Alaska,Mary Peltola (D-AL),"3701 Airport Way, Suite 1",Fairbanks,Alaska,99709,57c4b87c-3a5a-4259-88cd-69c48c71a54d,d50ecbb2-6384-4cad-a7f8-ae0d593a971e,,
American Samoa,Aumua Amata Coleman Radewagen (R-AL),"A.P. Lutali Executive Office Building, 2nd Floor",Pago Pago,American Samoa,96799,1a446f20-423f-4ce5-84c6-3cb92776c72a,d50ecbb2-6384-4cad-a7f8-ae0d593a971e,,
Arizona,David Schweikert (R-1),"7047 East Greenway Parkway, Suite 250",Scottsdale,Arizona,85254,c7e558fc-e188-4f95-bd95-e67669d9ee35,d50ecbb2-6384-4cad-a7f8-ae0d593a971e,,
Arizona,Eli Crane (R-2),"1490 North Highway 89, Suite A",Prescott,Arizona,86301,6e73fe06-409e-4ad9-bb8b-908ff1abcf80,d50ecbb2-6384-4cad-a7f8-ae0d593a971e,,
Arizona,Vacant (D-3) [Ruben Gallego Resigned - Senator],"2201 East Camelback Road, Suite 115",Phoenix,Arizona,85016,c60ca7cf-43c9-4de8-ac1d-a83a86488f16,d50ecbb2-6384-4cad-a7f8-ae0d593a971e  # Gallego resigned Nov 2024; office still listed,no replacement yet,
Arizona,Greg Stanton (D-4),"2944 North 44th Street, Suite 150",Phoenix,Arizona,85018,bb0c31e1-e4a0-4866-80f0-52dd087950ab,d50ecbb2-6384-4cad-a7f8-ae0d593a971e,,
Arizona,Andy Biggs (R-5),"2509 South Power Road, Suite 204",Mesa,Arizona,85209,a7b874ad-c5cd-4a7c-a9dd-9ab169311be1,d50ecbb2-6384-4cad-a7f8-ae0d593a971e,,
Arizona,Juan Ciscomani (R-6),"1601 North Tucson Boulevard, Suite 1",Tucson,Arizona,85716,d03324c0-a45d-4203-a746-571f6dd7ff03,d50ecbb2-6384-4cad-a7f8-ae0d593a971e,,
Arizona,Raúl Grijalva (D-7),"1300 South 4th Avenue, Suite 100",Yuma,Arizona,85364,6d1310a8-d9f1-4ff3-83b4-397875482a1d,d50ecbb2-6384-4cad-a7f8-ae0d593a971e,,
Arizona,Debbie Lesko (R-8),"12515 West Bell Road, Suite 101",Surprise,Arizona,85378,8ed02797-bd2f-4fc3-b407-0477f91fad11,d50ecbb2-6384-4cad-a7f8-ae0d593a971e,,
Arizona,Paul Gosar (R-9),220 North 4th Street,Kingman,Arizona,86401,f373ce18-9b1d-46e9-98c8-ef59d553a39c,d50ecbb2-6384-4cad-a7f8-ae0d593a971e,,
Arkansas,Rick Crawford (R-1),112 South 1st Street,Cabot,Arkansas,72023,b8093f51-f743-40d8-b603-9eb5ad269420,d50ecbb2-6384-4cad-a7f8-ae0d593a971e,,
Arkansas,French Hill (R-2),"1105 Deer Street, Suite 12",Conway,Arkansas,72032,03c19ad9-0110-47a7-af7f-0d78e51fa26a,d50ecbb2-6384-4cad-a7f8-ae0d593a971e,,
Arkansas,Steve Womack (R-3),"3333 South Pinnacle Hills Parkway, Suite 120",Rogers,Arkansas,72758,157ccbca-518d-4904-948e-a38a00e53411,d50ecbb2-6384-4cad-a7f8-ae0d593a971e,,
Arkansas,Bruce Westerman (R-4),"101 Reserve Street, Suite 200",Hot Springs,Arkansas,71901,1d2eb805-4401-4f0c-a184-f33e631ce5a2,d50ecbb2-6384-4cad-a7f8-ae0d593a971e,,
California,Doug LaMalfa (R-1),1410 2nd Street,Chico,California,95928,0224db6b-5b67-4e1f-be68-51c12681c0e5,d50ecbb2-6384-4cad-a7f8-ae0d593a971e,,
California,Jared Huffman (D-2),"999 5th Avenue, Suite 290",San Rafael,California,94901,8b06ef06-94a2-4d85-a70d-300e49a35dda,d50ecbb2-6384-4cad-a7f8-ae0d593a971e,,
California,Kevin Kiley (R-3),"1000 Sunrise Avenue, Suite 2B",Roseville,California,95661,861d561d-f7b1-4c93-9cb5-040b71b4048a,d50ecbb2-6384-4cad-a7f8-ae0d593a971e,,
California,Mike Thompson (D-4),"2300 County Center Drive, Suite A100",Santa Rosa,California,95403,47c5904e-2b8c-47ea-9e19-cd30115298ae,d50ecbb2-6384-4cad-a7f8-ae0d593a971e,,
California,Tom McClintock (R-5),"8789 Auburn Folsom Road, Suite B",Granite Bay,California,95746,909bc50e-3ed6-4219-adbd-e03a804b4577,d50ecbb2-6384-4cad-a7f8-ae0d593a971e,,
California,Ami Bera (D-6),"8950 Cal Center Drive, Building 3, Suite 100",Sacramento,California,95826,5082e5fb-ac14-423f-9931-48288cc153a9,d50ecbb2-6384-4cad-a7f8-ae0d593a971e,,
California,Doris Matsui (D-7),"501 I Street, Suite 12-600",Sacramento,California,95814,d5db911d-b340-4f7f-875f-23ab48ba204c,d50ecbb2-6384-4cad-a7f8-ae0d593a971e,,
California,John Garamendi (D-8),"4201 North Freeway Boulevard, Suite 1",Sacramento,California,95834,cbf043fb-12f0-47c0-a089-de0130204a28,d50ecbb2-6384-4cad-a7f8-ae0d593a971e,,
California,Josh Harder (D-9),"4701 Old Redwood Highway, Suite 1A",Santa Rosa,California,95403,0111a9fc-91c9-4d27-b43f-33d5a22c86c6,d50ecbb2-6384-4cad-a7f8-ae0d593a971e,,
California,Mark DeSaulnier (D-10),"3100 Oak Road, Suite 110",Walnut Creek,California,94597,50b0a805-e041-4894-8f1d-f6566e601bc0,d50ecbb2-6384-4cad-a7f8-ae0d593a971e,,
California,Nancy Pelosi (D-11),"90 7th Street, Suite 2-800",San Francisco,California,94103,36e2b3db-df8c-4c14-aee7-7be00d08ce6b,d50ecbb2-6384-4cad-a7f8-ae0d593a971e,,
California,Vacant (D-12) [Barbara Lee Resigned - Senate Run],"1301 Clay Street, Suite 1000N",Oakland,California,94612,ed5502f7-885d-4807-9585-9880f7b9ccf5,d50ecbb2-6384-4cad-a7f8-ae0d593a971e  # Lee resigned 2024; no replacement yet,,
California,John Duarte (R-13),"3605 Long Beach Boulevard, Suite 300",Merced,California,95341,17f88a61-a5ce-4264-bd06-1addcb146bd0,d50ecbb2-6384-4cad-a7f8-ae0d593a971e,,
California,Eric Swalwell (D-14),20990 Redwood Road,Castro Valley,California,94546,ed8c4cb4-377b-4479-8fe1-66e68cebdde2,d50ecbb2-6384-4cad-a7f8-ae0d593a971e,,
California,Kevin Mullin (D-15),"1528 South El Camino Real, Suite 302",San Mateo,California,94402,342762e4-a179-49cc-b05e-1228dd4d297d,d50ecbb2-6384-4cad-a7f8-ae0d593a971e,,
California,Anna Eshoo (D-16),698 Emerson Street,Palo Alto,California,94301,99402bf1-187d-4dad-87c1-53eb303eeca9,d50ecbb2-6384-4cad-a7f8-ae0d593a971e,,
California,Ro Khanna (D-17),"3150 De La Cruz Boulevard, Suite 240",Santa Clara,California,95054,03da567f-41a6-4882-8dbf-f0faa93e98d0,d50ecbb2-6384-4cad-a7f8-ae0d593a971e,,
California,Zoe Lofgren (D-18),"635 North 1st Street, Suite B",San Jose,California,95112,1f2c3ecc-40b4-48bb-884c-2898e719fcf2,d50ecbb2-6384-4cad-a7f8-ae0d593a971e,,
California,Jimmy Panetta (D-19),100 West Alisal Street,Salinas,California,93901,74828a39-9818-45eb-b2d4-57ef210cc707,d50ecbb2-6384-4cad-a7f8-ae0d593a971e,,
California,Vince Fong (R-20),"1130 O Street, Suite 200",Fresno,California,93721,7e1cea51-de05-4611-b100-70db39cec7ec,d50ecbb2-6384-4cad-a7f8-ae0d593a971e,,
California,Jim Costa (D-21),"2085 East Shaw Avenue, Suite 101",Fresno,California,93710,f9d19689-1299-4426-b8d3-700e6697d981,d50ecbb2-6384-4cad-a7f8-ae0d593a971e,,
California,David Valadao (R-22),107 South Douty Street,Hanford,California,93230,e5454131-1228-4755-b265-dfb9743c40eb,d50ecbb2-6384-4cad-a7f8-ae0d593a971e,,
California,Jay Obernolte (R-23),"7238 Joshua Lane, Suite A",Yucca Valley,California,92284,15e44904-33b2-4168-a3a5-c95a4b5bd649,d50ecbb2-6384-4cad-a7f8-ae0d593a971e,,
California,Salud Carbajal (D-24),"360 South Hope Avenue, Suite C-301",Santa Barbara,California,93105,a18606ac-82bb-4c2c-a77d-1aba4a5f856f,d50ecbb2-6384-4cad-a7f8-ae0d593a971e,,
California,Raul Ruiz (D-25),"43875 Washington Street, Suite F",Palm Desert,California,92211,7736af15-b454-4199-8ef7-44adbeb7c39c,d50ecbb2-6384-4cad-a7f8-ae0d593a971e,,
California,Julia Brownley (D-26),"201 East 4th Street, Suite 209B",Oxnard,California,93030,6c454140-fd4e-4bc7-9d0f-fe3daecf1ec0,d50ecbb2-6384-4cad-a7f8-ae0d593a971e,,
California,Mike Garcia (R-27),"1445 East Los Angeles Avenue, Suite 206",Simi Valley,California,93065,b7e1-4e8e-9b7e-879e-8c6fadb9a8b1,d50ecbb2-6384-4cad-a7f8-ae0d593a971e,,
California,Judy Chu (D-28),415 South 1st Street,San Gabriel,California,91776,e2a0-feda-44e2-4a2e-9f66-1c4096574f59,d50ecbb2-6384-4cad-a7f8-ae0d593a971e,,
California,Tony Cárdenas (D-29),"8134 Van Nuys Boulevard, Suite 206",Panorama City,California,91402,9e8d-9b7e-05ea-4c4e-86891e205426,d50ecbb2-6384-4cad-a7f8-ae0d593a971e,,
California,Vacant (D-30) [Adam Schiff Resigned - Senator],"2800 Gateway Oaks Drive, Suite 200",Sacramento,California,95833,4fbd-f0c8-6c92-4a7e-b13e21357e33,d50ecbb2-6384-4cad-a7f8-ae0d593a971e  # Schiff resigned Nov 2024; no replacement yet,,
California,Grace Napolitano (D-31),1250 North Hacienda Boulevard,West Covina,California,91790,6f9a-4e8e-9b7e-879e-8c6f-adb9a8b1,d50ecbb2-6384-4cad-a7f8-ae0d593a971e,,
California,Brad Sherman (D-32),"5000 Van Nuys Boulevard, Suite 420",Sherman Oaks,California,91403,44e2-4a2e-9f66-1c40-96574f59e2a0,d50ecbb2-6384-4cad-a7f8-ae0d593a971e,,
California,Pete Aguilar (D-33),"685 East Carnegie Drive, Suite 100",San Bernardino,California,92408,05ea-4c4e-8689-1e20-5426c8199e8d,d50ecbb2-6384-4cad-a7f8-ae0d593a971e,,
California,Jimmy Gomez (D-34),"350 South Figueroa Street, Suite 180",Los Angeles,California,90071,6c92-4a7e-b13e-2135-7e33e6894fbd,d50ecbb2-6384-4cad-a7f8-ae0d593a971e,,
California,Norma Torres (D-35),"3200 Inland Empire Boulevard, Suite 200B",Ontario,California,91764,879e-8c6f-adb9-a8b1-feda6f9a4e8e,d50ecbb2-6384-4cad-a7f8-ae0d593a971e,,
California,Ted Lieu (D-36),"1645 Corinth Avenue, Suite 101",Los Angeles,California,90025,1c40-9657-4f59-e2a0-feda44e24a2e,d50ecbb2-6384-4cad-a7f8-ae0d593a971e,,
California,Sydney Kamlager-Dove (D-37),"4929 Wilshire Boulevard, Suite 650",Los Angeles,California,90010,8689-1e20-5426-c819-9e8d9b7e05ea,d50ecbb2-6384-4cad-a7f8-ae0d593a971e,,
California,Linda Sánchez (D-38),"12440 East Imperial Highway, Suite 140",Norwalk,California,90650,b13e-2135-7e33-e689-4fbdf0c86c92,d50ecbb2-6384-4cad-a7f8-ae0d593a971e,,
California,Mark Takano (D-39),"3403 10th Street, Suite 610",Riverside,California,92501,adb9-a8b1-feda-6f9a-4e8e9b7e879e,d50ecbb2-6384-4cad-a7f8-ae0d593a971e,,
California,Young Kim (R-40),"275 Centennial Way, Suite 103",Tustin,California,92780,4f59-e2a0-feda-44e2-4a2e9f661c40,d50ecbb2-6384-4cad-a7f8-ae0d593a971e,,
California,Ken Calvert (R-41),"41607 Winchester Road, Suite 101",Temecula,California,92590,5426-c819-9e8d-9b7e-05ea4c4e8689,d50ecbb2-6384-4cad-a7f8-ae0d593a971e,,
California,Robert Garcia (D-42),"11705 Deputy Yamamoto Place, Suite B",Lynwood,California,90262,e689-4fbd-f0c8-6c92-4a7eb13e2135,d50ecbb2-6384-4cad-a7f8-ae0d593a971e,,
California,Maxine Waters (D-43),"10124 South Broadway, Suite 1",Los Angeles,California,90003,feda-6f9a-4e8e-9b7e-879e8c6fadb9,d50ecbb2-6384-4cad-a7f8-ae0d593a971e,,
California,Nanette Barragán (D-44),8650 California Avenue,South Gate,California,90280,e2a0-feda-44e2-4a2e-9f66-1c409657,d50ecbb2-6384-4cad-a7f8-ae0d593a971e,,
California,Michelle Steel (R-45),"17011 Beach Boulevard, Suite 570",Huntington Beach,California,92647,9e8d-9b7e-05ea-4c4e-86891e205426,d50ecbb2-6384-4cad-a7f8-ae0d593a971e,,
California,Lou Correa (D-46),"2323 North Broadway, Suite 319",Santa Ana,California,92706,4fbd-f0c8-6c92-4a7e-b13e21357e33,d50ecbb2-6384-4cad-a7f8-ae0d593a971e,,
California,Katie Porter (D-47),"2151 Michelson Drive, Suite 195",Irvine,California,92612,6f9a-4e8e-9b7e-879e-8c6f-adb9a8b1,d50ecbb2-6384-4cad-a7f8-ae0d593a971e,,
California,Darrell Issa (R-48),"2300 Raymer Avenue, Suite 150",Fullerton,California,92833,44e2-4a2e-9f66-1c40-96574f59e2a0,d50ecbb2-6384-4cad-a7f8-ae0d593a971e,,
California,Mike Levin (D-49),"2204 El Camino Real, Suite 314",Oceanside,California,92054,05ea-4c4e-8689-1e20-5426c8199e8d,d50ecbb2-6384-4cad-a7f8-ae0d593a971e,,
California,Scott Peters (D-50),"4350 Executive Drive, Suite 250",San Diego,California,92121,6c92-4a7e-b13e-2135-7e33e6894fbd,d50ecbb2-6384-4cad-a7f8-ae0d593a971e,,
California,Sara Jacobs (D-51),"2700 Adams Avenue, Suite 102",San Diego,California,92116,879e-8c6f-adb9-a8b1-feda6f9a4e8e,d50ecbb2-6384-4cad-a7f8-ae0d593a971e,,
California,Juan Vargas (D-52),"333 H Street, Suite 3100",Chula Vista,California,91910,1c40-9657-4f59-e2a0-feda44e24a2e,d50ecbb2-6384-4cad-a7f8-ae0d593a971e,,
Colorado,Diana DeGette (D-1),"600 Grant Street, Suite 202",Denver,Colorado,80203,c60bd3c2-1661-40fa-aa17-e7cff58b2db8,d50ecbb2-6384-4cad-a7f8-ae0d593a971e,,
Colorado,Joe Neguse (D-2),"2503 Walnut Street, Suite 200",Boulder,Colorado,80302,74674b05-4aad-4520-967b-35ef6f55ca35,d50ecbb2-6384-4cad-a7f8-ae0d593a971e,,
Colorado,Lauren Boebert (R-3),1609 North Grand Avenue,Pueblo,Colorado,81003,b12ca87e-b2f4-4c5f-b87c-41fe16272b60,d50ecbb2-6384-4cad-a7f8-ae0d593a971e,,
Colorado,Greg Lopez (R-4),"8200 South Quebec Street, Suite A3-278",Centennial,Colorado,80112,9017a441-19cf-477c-8f23-e1a1a0b7660f,d50ecbb2-6384-4cad-a7f8-ae0d593a971e,,
Colorado,Yadira Caraveo (D-5),"499 Scott Avenue, Suite 101",Thornton,Colorado,80602,a8139d27-11d2-4be8-960c-12b0a55e7a98,d50ecbb2-6384-4cad-a7f8-ae0d593a971e,,
Colorado,Jason Crow (D-6),"3300 South Parker Road, Suite 100",Aurora,Colorado,80014,d4690601-dcfd-40a0-8772-efa5f7b166d5,d50ecbb2-6384-4cad-a7f8-ae0d593a971e,,
Colorado,Brittany Pettersen (D-7),"12345 West Alameda Parkway, Suite 205",Lakewood,Colorado,80228,69c69d62-f9f1-4969-9470-cba530b954cc,d50ecbb2-6384-4cad-a7f8-ae0d593a971e,,
Colorado,Gabe Evans (R-8),"3855 Lewiston Street, Suite 130",Aurora,Colorado,80011,2a128792-1258-4b25-98c4-edd3c0ebe4c5,d50ecbb2-6384-4cad-a7f8-ae0d593a971e,,
Connecticut,John Larson (D-1),"221 Main Street, 2nd Floor",Hartford,Connecticut,6106,ce48452b-90c4-4ad0-a1dc-f5508f47ccbf,d50ecbb2-6384-4cad-a7f8-ae0d593a971e,,
Connecticut,Joe Courtney (D-2),"55 Main Street, Suite 250",Norwich,Connecticut,6360,dadeeb09-fc32-4e94-bae0-40ce2b37cb5b,d50ecbb2-6384-4cad-a7f8-ae0d593a971e,,
Connecticut,Rosa DeLauro (D-3),59 Elm Street,New Haven,Connecticut,6510,db2e1518-8fd0-4437-a464-4c378705543d,d50ecbb2-6384-4cad-a7f8-ae0d593a971e,,
Connecticut,Jim Himes (D-4),"888 Washington Boulevard, 10th Floor",Stamford,Connecticut,6901,240631c2-4843-407d-a57c-e1774ab70bb6,d50ecbb2-6384-4cad-a7f8-ae0d593a971e,,
Connecticut,Jahana Hayes (D-5),"108 Bank Street, 2nd Floor",Waterbury,Connecticut,6702,5a7c79f6-6bf7-47c6-820f-cccdfb965289,d50ecbb2-6384-4cad-a7f8-ae0d593a971e,,
Delaware,Sarah McBride (D-AL),"1007 North Orange Street, 4th Floor",Wilmington,Delaware,19801,3dac0f4a-e76a-4150-b9fb-143a34ca9497,d50ecbb2-6384-4cad-a7f8-ae0d593a971e,,
District of Columbia,Eleanor Holmes Norton (D-AL),"1300 Pennsylvania Avenue NW, Suite M-1000",Washington,District of Columbia,20004,c659375a-3794-48d1-afb4-f82ff7f6d9d1,d50ecbb2-6384-4cad-a7f8-ae0d593a971e,,
Florida,Vacant (R-1) [Matt Gaetz Resigned],"348 SW Miracle Strip Parkway, Suite 36B",Fort Walton Beach,Florida,32548,e6086f94-182d-49c4-9647-c493f35610a6,d50ecbb2-6384-4cad-a7f8-ae0d593a971e  # Gaetz resigned Nov 13,2024; special election April 1,2025
Florida,Neal Dunn (R-2),300 South Adams Street,Tallahassee,Florida,32301,9f51f598-1040-41fe-aae4-de3b1ff6efbc,d50ecbb2-6384-4cad-a7f8-ae0d593a971e,,
Florida,Kat Cammack (R-3),1626 Northwest US Highway 441,Gainesville,Florida,32609,4f4ad5df-28a3-4e18-a384-223e293554a1,d50ecbb2-6384-4cad-a7f8-ae0d593a971e,,
Florida,Aaron Bean (R-4),4456 Hendricks Avenue,Jacksonville,Florida,32207,3acd7b19-7ae8-453a-93cf-eb55b2b88a95,d50ecbb2-6384-4cad-a7f8-ae0d593a971e,,
Florida,John Rutherford (R-5),1715 North Main Street,Jacksonville,Florida,32206,cde7df51-8bae-46b2-ab45-62d866af497e,d50ecbb2-6384-4cad-a7f8-ae0d593a971e,,
Florida,Vacant (R-6) [Michael Waltz Resigned],"1000 City Center Circle, 2nd Floor",Port Orange,Florida,32129,432b176b-be2f-477a-843a-35efcd81dbdf,d50ecbb2-6384-4cad-a7f8-ae0d593a971e  # Waltz resigned Jan 20,2025; no replacement yet,
Florida,Cory Mills (R-7),2195 North Courtenay Parkway,Merritt Island,Florida,32953,95ab0c1a-9e2d-4dbf-b281-c2afca4b65a5,d50ecbb2-6384-4cad-a7f8-ae0d593a971e,,
Florida,Bill Posey (R-8),"2725 Judge Fran Jamieson Way, Building C",Melbourne,Florida,32940,f9102342-502d-452b-9bd7-16c12293d326,d50ecbb2-6384-4cad-a7f8-ae0d593a971e,,
Florida,Darren Soto (D-9),804 Bryan Street,Kissimmee,Florida,34741,1015a2c9-e6bb-44f3-b66d-948fd91aa386,d50ecbb2-6384-4cad-a7f8-ae0d593a971e,,
Florida,Maxwell Frost (D-10),"400 North Tampa Street, Suite 2525",Orlando,Florida,32801,48a8c4db-e398-4b01-bdb8-a38f51b5540e,d50ecbb2-6384-4cad-a7f8-ae0d593a971e,,
Florida,Daniel Webster (R-11),"1210 North US Highway 27, Suite A",Clermont,Florida,34711,6ce1c1cc-3dd2-4f45-8180-017dce635436,d50ecbb2-6384-4cad-a7f8-ae0d593a971e,,
Florida,Gus Bilirakis (R-12),"23554 US Highway 19 North, Suite 100",Clearwater,Florida,33765,6ab9e5e1-8ec3-4b70-9e7f-9393cfbac55e,d50ecbb2-6384-4cad-a7f8-ae0d593a971e,,
Florida,Anna Paulina Luna (R-13),801 3rd Street South,St. Petersburg,Florida,33701,ae786638-c3e0-4657-96ff-897015a4fee6,d50ecbb2-6384-4cad-a7f8-ae0d593a971e,,
Florida,Kathy Castor (D-14),205 West Morgan Street,Tampa,Florida,33602,9bcfc8eb-bd9f-48bf-9d92-446744d56812,d50ecbb2-6384-4cad-a7f8-ae0d593a971e,,
Florida,Laurel Lee (R-15),"110 West Reynolds Street, Suite 101",Plant City,Florida,33563,26b372b3-5e06-43c7-a0b8-a6980785787b,d50ecbb2-6384-4cad-a7f8-ae0d593a971e,,
Florida,Vern Buchanan (R-16),"1051 Manatee Avenue West, Suite 305",Bradenton,Florida,34205,53ac217e-3217-4b48-b5b1-1a7378936094,d50ecbb2-6384-4cad-a7f8-ae0d593a971e,,
Florida,Greg Steube (R-17),4507 George Boulevard,Sebring,Florida,33875,0b395dc0-767a-41b3-ae4b-c2111c1d0296,d50ecbb2-6384-4cad-a7f8-ae0d593a971e,,
Florida,Scott Franklin (R-18),"400 North Tampa Street, Suite 1110",Tampa,Florida,33602,c9ff2435-8b2a-434e-be7e-74f57327f8d4,d50ecbb2-6384-4cad-a7f8-ae0d593a971e,,
Florida,Byron Donalds (R-19),"1039 SE 9th Avenue, Suite 308",Cape Coral,Florida,33990,c7823215-0819-42cd-a5af-47d614e5bc6b,d50ecbb2-6384-4cad-a7f8-ae0d593a971e,,
Florida,Sheila Cherfilus-McCormick (D-20),2900 North University Drive,Coral Springs,Florida,33065,79c9e8d6-2f38-46f9-a923-28130133cfda,d50ecbb2-6384-4cad-a7f8-ae0d593a971e,,
Florida,Brian Mast (R-21),171 SW Flagler Avenue,Stuart,Florida,34994,adbd0aa5-bb15-48c3-879f-cdc10cdaf9d3,d50ecbb2-6384-4cad-a7f8-ae0d593a971e,,
Florida,Lois Frankel (D-22),"2500 North Military Trail, Suite 490",Boca Raton,Florida,33431,6e5d3d0c-e9f2-4c03-af6d-de421fc00dcd,d50ecbb2-6384-4cad-a7f8-ae0d593a971e,,
Florida,Jared Moskowitz (D-23),"2800 North State Road 7, Suite 200",Margate,Florida,33063,df97d015-651e-4274-b90c-b941355f7e35,d50ecbb2-6384-4cad-a7f8-ae0d593a971e,,
Florida,Frederica Wilson (D-24),"18425 NW 2nd Avenue, Suite 355",Miami Gardens,Florida,33169,bf3f5942-6da8-4df1-8fbe-8bbdee9ab312,d50ecbb2-6384-4cad-a7f8-ae0d593a971e,,
Florida,Debbie Wasserman Schultz (D-25),"19200 West Country Club Drive, 3rd Floor",Aventura,Florida,33180,60206d94-cc8b-42f6-8fa2-7f6c2053ec49,d50ecbb2-6384-4cad-a7f8-ae0d593a971e,,
Florida,Mario Díaz-Balart (R-26),"8669 NW 36th Street, Suite 100",Doral,Florida,33166,4fe739e3-e63c-45e7-8448-76db3c94e671,d50ecbb2-6384-4cad-a7f8-ae0d593a971e,,
Florida,María Elvira Salazar (R-27),8400 SW 8th Street,Miami,Florida,33144,05794dbd-10e5-4714-aba8-187e52a96569,d50ecbb2-6384-4cad-a7f8-ae0d593a971e,,
Florida,Carlos Giménez (R-28),"14221 SW 120th Street, Suite 225",Miami,Florida,33186,983c6b26-b958-44df-9cb8-3e5b8305dea3,d50ecbb2-6384-4cad-a7f8-ae0d593a971e,,
Georgia,Buddy Carter (R-1),"6602 Abercorn Street, Suite 105B",Savannah,Georgia,31405,4ede97ca-4db3-4ade-aba7-271b8786f79d,d50ecbb2-6384-4cad-a7f8-ae0d593a971e,,
Georgia,Sanford Bishop (D-2),225 North Lumpkin Street,Albany,Georgia,31701,f692c70a-e09d-47b8-bf5c-ddeedc85e212,d50ecbb2-6384-4cad-a7f8-ae0d593a971e,,
Georgia,Drew Ferguson (R-3),"1601 East Highway 34, Suite B",Newnan,Georgia,30265,04aca4b3-ed0a-4d51-ae9a-cb204ff44643,d50ecbb2-6384-4cad-a7f8-ae0d593a971e,,
Georgia,Hank Johnson (D-4),"5240 Snapfinger Park Drive, Suite 130",Decatur,Georgia,30035,460e84f7-28d9-4b78-bfe1-63455e2f4d4b,d50ecbb2-6384-4cad-a7f8-ae0d593a971e,,
Georgia,Nikema Williams (D-5),"100 Peachtree Street NW, Suite 1920",Atlanta,Georgia,30303,6f399c4c-bb46-40a4-b155-0d9b3adaf531,d50ecbb2-6384-4cad-a7f8-ae0d593a971e,,
Georgia,Lucy McBath (D-6),5570 South Gordon Road SW,Mableton,Georgia,30126,1deae8be-6bcf-403c-9d6c-ab3cacfc8cac,d50ecbb2-6384-4cad-a7f8-ae0d593a971e,,
Georgia,Andrew Clyde (R-7),"445 12th Street, Suite A",Columbus,Georgia,31901,b7e1e8ff-54f3-4e67-afb1-f11e3fbb79c9,d50ecbb2-6384-4cad-a7f8-ae0d593a971e,,
Georgia,Mike Collins (R-8),106 East Broad Street,Greensboro,Georgia,30642,4dfd22e0-3eb1-49a5-aeac-3c61a631c98b,d50ecbb2-6384-4cad-a7f8-ae0d593a971e,,
Georgia,Marjorie Taylor Greene (R-9),"1023 Longstreet Road, Suite 102",Calhoun,Georgia,30701,a07d13ba-17ce-4ef2-9daa-3fe15459669a,d50ecbb2-6384-4cad-a7f8-ae0d593a971e,,
Georgia,Barry Loudermilk (R-10),"9898 Highway 92, Suite 100",Woodstock,Georgia,30188,a483fea2-c874-49c6-8d53-dbd7c5e8e7f3,d50ecbb2-6384-4cad-a7f8-ae0d593a971e,,
Georgia,Rick Allen (R-11),"5707 Ogeechee Road, Suite 100",Savannah,Georgia,31405,25b5d34a-8dc4-4e3c-a496-a76c16ae823e,d50ecbb2-6384-4cad-a7f8-ae0d593a971e,,
Georgia,David Scott (D-12),"888 Concord Road, Suite 100",Smyrna,Georgia,30080,3b690aed-55d6-468e-9a82-d40b96f36465,d50ecbb2-6384-4cad-a7f8-ae0d593a971e,,
Georgia,Austin Scott (R-13),"127 North Central Avenue, Suite B",Tifton,Georgia,31794,c779230c-7b98-4f6e-b221-fd900d14309e,d50ecbb2-6384-4cad-a7f8-ae0d593a971e,,
Georgia,Richard McCormick (R-14),"85 Mill Street, Suite 300",Roswell,Georgia,30075,a575992c-9740-400d-95d4-c65606770fba,d50ecbb2-6384-4cad-a7f8-ae0d593a971e,,
Guam,James Moylan (R-AL),"163 Vietnam Veterans Memorial Highway, Suite 2",Hagåtña,Guam,96910,e3bc1e7a-927f-497f-9ad1-541cf356d3ab,d50ecbb2-6384-4cad-a7f8-ae0d593a971e,,
Hawaii,Ed Case (D-1),"1003 Bishop Street, Suite 1110",Honolulu,Hawaii,96813,56eed0ce-2876-4958-b7f5-f1d8cfdc429c,d50ecbb2-6384-4cad-a7f8-ae0d593a971e,,
Hawaii,Jill Tokuda (D-2),"1003 Bishop Street, Suite 1170",Honolulu,Hawaii,96813,dacf0a8f-a39d-4609-9ef0-caeec282522d,d50ecbb2-6384-4cad-a7f8-ae0d593a971e,,
Idaho,Russ Fulcher (R-1),"33 East Broadway Avenue, Suite 251",Meridian,Idaho,83642,c617bba3-0235-4b30-a2cd-4f079dd1cddb,d50ecbb2-6384-4cad-a7f8-ae0d593a971e,,
Idaho,Mike Simpson (R-2),"802 West Bannock Street, Suite 602",Boise,Idaho,83702,d9397657-7b0f-4e2a-a304-a075d6cff0ee,d50ecbb2-6384-4cad-a7f8-ae0d593a971e,,
Illinois,Jonathan Jackson (D-1),111 West 87th Street,Chicago,Illinois,60620,bbcdcdbc-c4e3-407f-b525-78c5f515228c,d50ecbb2-6384-4cad-a7f8-ae0d593a971e,,
Illinois,Robin Kelly (D-2),"600 Holiday Plaza Drive, Suite 505",Matteson,Illinois,60443,d89a2d19-6448-4680-8dc3-1801e8d89f4b,d50ecbb2-6384-4cad-a7f8-ae0d593a971e,,
Illinois,Delia Ramirez (D-3),5624 West Diversey Avenue,Chicago,Illinois,60639,62b5a071-a0aa-435e-90dd-e5c845276ce4,d50ecbb2-6384-4cad-a7f8-ae0d593a971e,,
Illinois,Jesús “Chuy” García (D-4),3240 West Fullerton Avenue,Chicago,Illinois,60647,28c5a63c-e105-4f00-a174-b22e2065d078,d50ecbb2-6384-4cad-a7f8-ae0d593a971e,,
Illinois,Mike Quigley (D-5),3223 North Sheffield Avenue,Chicago,Illinois,60657,c493ffbf-2fd2-43b6-926b-db71df385fab,d50ecbb2-6384-4cad-a7f8-ae0d593a971e,,
Illinois,Sean Casten (D-6),"111 Barclay Boulevard, Suite 102",Lincolnshire,Illinois,60069,72530557-5830-42d4-ad38-e087bf512a67,d50ecbb2-6384-4cad-a7f8-ae0d593a971e,,
Illinois,Danny Davis (D-7),2813-15 West 5th Avenue,Chicago,Illinois,60612,dcd1b210-d8aa-4b07-b14b-b0dbbb63743f,d50ecbb2-6384-4cad-a7f8-ae0d593a971e,,
Illinois,Raja Krishnamoorthi (D-8),"1150 West Central Road, Suite B",Arlington Heights,Illinois,60005,39f905b1-1a62-46a2-9a91-2d68fe6e11c4,d50ecbb2-6384-4cad-a7f8-ae0d593a971e,,
Illinois,Jan Schakowsky (D-9),5533 North Broadway,Chicago,Illinois,60640,f89324fb-50aa-447e-b6dc-67e4b5df2291,d50ecbb2-6384-4cad-a7f8-ae0d593a971e,,
Illinois,Brad Schneider (D-10),"111 Barclay Boulevard, Suite 200",Lincolnshire,Illinois,60069,944d93ef-426a-4b19-9d74-a05285157f10,d50ecbb2-6384-4cad-a7f8-ae0d593a971e,,
Illinois,Bill Foster (D-11),"2711 East New York Street, Suite 204",Aurora,Illinois,60502,111a928c-bd4e-4d58-87c8-bf140ed82940,d50ecbb2-6384-4cad-a7f8-ae0d593a971e,,
Illinois,Mike Bost (R-12),1100 Main Street,O'Fallon,Illinois,62269,9e58644c-046f-42cd-afc1-56f74f5facac,d50ecbb2-6384-4cad-a7f8-ae0d593a971e,,
Illinois,Nikki Budzinski (D-13),1330 Swanwick Street,Chester,Illinois,62233,0776a03c-abb7-4ed8-a50b-3603b4d6a933,d50ecbb2-6384-4cad-a7f8-ae0d593a971e,,
Illinois,Lauren Underwood (D-14),"680 Independence Boulevard, Suite D",Oswego,Illinois,60543,5779a594-52df-4227-baec-6dda1a004268,d50ecbb2-6384-4cad-a7f8-ae0d593a971e,,
Illinois,Mary Miller (R-15),1527 North State Street,Greenfield,Illinois,62044,4d1d9c6e-9f97-458a-aa13-1fe9f6c62f7d,d50ecbb2-6384-4cad-a7f8-ae0d593a971e,,
Illinois,Darin LaHood (R-16),"100 NE Monroe Street, Room 100",Peoria,Illinois,61602,00b4fb01-db52-44c1-8ff3-5404d3f1aeae,d50ecbb2-6384-4cad-a7f8-ae0d593a971e,,
Illinois,Eric Sorensen (D-17),2401 4th Avenue,Rock Island,Illinois,61201,851746a9-5be4-436e-9668-20d1a5ab44b7,d50ecbb2-6384-4cad-a7f8-ae0d593a971e,,
Indiana,Frank Mrvan (D-1),"7895 Broadway, Suite A",Merrillville,Indiana,46410,abdcf0ee-02b7-4b20-85a4-20f570c16ca0,d50ecbb2-6384-4cad-a7f8-ae0d593a971e,,
Indiana,Rudy Yakym (R-2),"401 West Washington Street, Suite B",South Bend,Indiana,46601,115903f9-18aa-40bc-b770-557f6ac784b9,d50ecbb2-6384-4cad-a7f8-ae0d593a971e,,
Indiana,Vacant (R-3) [Jim Banks Resigned - Senator],1300 South Harrison Street,Fort Wayne,Indiana,46802,00b4f21a-322f-444d-bbdc-c73054a368ad,d50ecbb2-6384-4cad-a7f8-ae0d593a971e  # Banks resigned Nov 2024; no replacement yet,,
Indiana,Jim Baird (R-4),355 South Washington Street,Danville,Indiana,46122,d6bd5e9e-a476-4428-8a0c-1eaca288b9fe,d50ecbb2-6384-4cad-a7f8-ae0d593a971e,,
Indiana,Victoria Spartz (R-5),"1077 South Range Line Road, Suite 101",Carmel,Indiana,46032,fb0f70d8-2f1c-4e9c-92e1-7c65672c2a82,d50ecbb2-6384-4cad-a7f8-ae0d593a971e,,
Indiana,Greg Pence (R-6),50 North 5th Street,Richmond,Indiana,47374,7a1ed8d5-cff0-4b5e-9fad-65b24ec69064,d50ecbb2-6384-4cad-a7f8-ae0d593a971e,,
Indiana,André Carson (D-7),"300 East Fall Creek Parkway North Drive, Suite 300",Indianapolis,Indiana,46205,ea9219c3-1f1e-4abc-bbe1-5a8b693e1bdc,d50ecbb2-6384-4cad-a7f8-ae0d593a971e,,
Indiana,Larry Bucshon (R-8),"101 NW Martin Luther King Jr. Boulevard, Room 124",Evansville,Indiana,47708,a52553be-3ad9-49f7-a500-f106c65819ac,d50ecbb2-6384-4cad-a7f8-ae0d593a971e,,
Indiana,Erin Houchin (R-9),300 South Walnut Street,Seymour,Indiana,47274,ac35ceba-8255-4e5e-8ca2-ae9e4a6173d2,d50ecbb2-6384-4cad-a7f8-ae0d593a971e,,
Iowa,Mariannette Miller-Meeks (R-1),"201 West 2nd Street, Suite 803",Davenport,Iowa,52801,3f92175a-3179-4814-a421-2b7da1f5c14a,d50ecbb2-6384-4cad-a7f8-ae0d593a971e,,
Iowa,Ashley Hinson (R-2),"118 3rd Avenue SE, Suite 206",Cedar Rapids,Iowa,52401,b84e9994-d2bd-4935-b48e-a031891df8d2,d50ecbb2-6384-4cad-a7f8-ae0d593a971e,,
Iowa,Zach Nunn (R-3),"400 SW 8th Street, Suite D",Des Moines,Iowa,50309,4fa488ad-6fe3-4afe-a433-95cef50f021f,d50ecbb2-6384-4cad-a7f8-ae0d593a971e,,
Iowa,Randy Feenstra (R-4),712 Lake Avenue,Spirit Lake,Iowa,51360,08ff0c3e-22ea-456a-babd-899b2de9b488,d50ecbb2-6384-4cad-a7f8-ae0d593a971e,,
Kansas,Tracey Mann (R-1),"1001 North Fillmore Street, Suite F",Goodland,Kansas,67735,ed96b0aa-1748-4b7c-afc4-9d349dbf4416,d50ecbb2-6384-4cad-a7f8-ae0d593a971e,,
Kansas,Jake LaTurner (R-2),701 North Broadway Street,Pittsburg,Kansas,66762,a79f291b-866f-4ca3-8b2b-1173bb2f56a5,d50ecbb2-6384-4cad-a7f8-ae0d593a971e,,
Kansas,Sharice Davids (D-3),7325 West 79th Street,Overland Park,Kansas,66204,325419e7-5ad1-44f7-b3b5-b46a106fb784,d50ecbb2-6384-4cad-a7f8-ae0d593a971e,,
Kansas,Ron Estes (R-4),"2700 East Central Avenue, Suite 100",Wichita,Kansas,67214,5f89b153-9d40-4119-89e4-a0caf33f07d0,d50ecbb2-6384-4cad-a7f8-ae0d593a971e,,
Kentucky,James Comer (R-1),214 West 1st Street,Tompkinsville,Kentucky,42167,04740fae-e97a-4fb8-a9d0-fc738b319fb8,d50ecbb2-6384-4cad-a7f8-ae0d593a971e,,
Kentucky,Brett Guthrie (R-2),"996 Wilkinson Trace, Suite B2",Bowling Green,Kentucky,42103,1f47d28b-6c54-4ce0-abe3-6133b6a23838,d50ecbb2-6384-4cad-a7f8-ae0d593a971e,,
Kentucky,Morgan McGarvey (D-3),1910 South 3rd Street,Louisville,Kentucky,40208,f0009f99-5f13-45c7-b245-043cba4cb178,d50ecbb2-6384-4cad-a7f8-ae0d593a971e,,
Kentucky,Thomas Massie (R-4),"541 Buttermilk Pike, Suite 208",Crescent Springs,Kentucky,41017,8f74a849-3815-4354-b018-9628294d550a,d50ecbb2-6384-4cad-a7f8-ae0d593a971e,,
Kentucky,Hal Rogers (R-5),"601 Main Street, Suite A",Hazard,Kentucky,41701,a27904fd-26a8-4269-9135-1d69cdfd5708,d50ecbb2-6384-4cad-a7f8-ae0d593a971e,,
Kentucky,Andy Barr (R-6),"2709 Old Rosebud Road, Suite 100",Lexington,Kentucky,40509,330fdb99-37e2-408d-8679-10adf54ec57a,d50ecbb2-6384-4cad-a7f8-ae0d593a971e,,
Louisiana,Steve Scalise (R-1),"1514 Martens Drive, Suite 10",Hammond,Louisiana,70401,a59ef18d-13d3-4095-ab0c-cd0412767a88,d50ecbb2-6384-4cad-a7f8-ae0d593a971e,,
Louisiana,Troy Carter (D-2),"650 Poydras Street, Suite 2525",New Orleans,Louisiana,70130,6c8b5d68-9106-4064-bb20-1498f51937e6,d50ecbb2-6384-4cad-a7f8-ae0d593a971e,,
Louisiana,Clay Higgins (R-3),102 St. Mary Street,Thibodaux,Louisiana,70301,a7ed9ab6-23a6-4b98-ac31-5b48effedcde,d50ecbb2-6384-4cad-a7f8-ae0d593a971e,,
Louisiana,Mike Johnson (R-4),"2250 Hospital Drive, Suite 248",Bossier City,Louisiana,71111,2c84fb1a-c751-4d69-95f9-0f894c06f62d,d50ecbb2-6384-4cad-a7f8-ae0d593a971e,,
Louisiana,Julia Letlow (R-5),"1900 North 18th Street, Suite 501",Monroe,Louisiana,71201,b4cb8b08-1524-47d5-82bc-0d88fffeb6cc,d50ecbb2-6384-4cad-a7f8-ae0d593a971e,,
Louisiana,Garret Graves (R-6),"2351 Energy Drive, Suite 1200",Baton Rouge,Louisiana,70806,5f967860-e0cc-419d-9572-c4c52e7c8a0a,d50ecbb2-6384-4cad-a7f8-ae0d593a971e,,
Maine,Chellie Pingree (D-1),"2 Portland Fish Pier, Suite 304",Portland,Maine,4101,4f6574e5-8e8b-4911-948d-167ddf1907c0,d50ecbb2-6384-4cad-a7f8-ae0d593a971e,,
Maine,Jared Golden (D-2),"7 Hatch Drive, Suite 213",Caribou,Maine,4736,65fa82c2-1ba4-445d-9540-4402b560146e,d50ecbb2-6384-4cad-a7f8-ae0d593a971e,,
Maryland,Andy Harris (R-1),"100 East Main Street, Suite 702",Salisbury,Maryland,21801,df51b8d8-52c9-4097-a8ce-07a5543f944f,d50ecbb2-6384-4cad-a7f8-ae0d593a971e,,
Maryland,Dutch Ruppersberger (D-2),"375 West Padonia Road, Suite 200",Timonium,Maryland,21093,b28fbc6d-cf3d-4bf1-a8d8-8d0bfaf40460,d50ecbb2-6384-4cad-a7f8-ae0d593a971e,,
Maryland,John Sarbanes (D-3),"600 Baltimore Avenue, Suite 303",Towson,Maryland,21204,847780c1-653d-4c1a-804c-5c7adc96f54a,d50ecbb2-6384-4cad-a7f8-ae0d593a971e,,
Maryland,Glenn Ivey (D-4),"1101 Mercantile Lane, Suite 270",Largo,Maryland,20774,bd8e146b-e50f-4f41-b208-0dd3ab538c13,d50ecbb2-6384-4cad-a7f8-ae0d593a971e,,
Maryland,Steny Hoyer (D-5),6505 Crain Highway,La Plata,Maryland,20646,da1b23e6-374f-4e07-87b4-2bdaf79ce305,d50ecbb2-6384-4cad-a7f8-ae0d593a971e,,
Maryland,David Trone (D-6),"5301 Buckeystown Pike, Suite 220",Frederick,Maryland,21704,e707d4dd-02ee-403b-ab4f-643d32f2edf9,d50ecbb2-6384-4cad-a7f8-ae0d593a971e,,
Maryland,Kweisi Mfume (D-7),"1010 Park Avenue, Suite 105",Baltimore,Maryland,21201,a48d2611-91b1-4a4c-95aa-61fec7754777,d50ecbb2-6384-4cad-a7f8-ae0d593a971e,,
Maryland,Jamie Raskin (D-8),"51 Monroe Street, Suite 503",Rockville,Maryland,20850,5203ea01-f751-4a15-b13b-00b010726ecb,d50ecbb2-6384-4cad-a7f8-ae0d593a971e,,
Massachusetts,Richard Neal (D-1),"300 State Street, Suite 200",Springfield,Massachusetts,1105,157ebd8b-9052-46c0-a233-4a7c80d926b5,d50ecbb2-6384-4cad-a7f8-ae0d593a971e,,
Massachusetts,Jim McGovern (D-2),94 Pleasant Street,Northampton,Massachusetts,1060,10b87271-798a-4b12-aea7-2ddc0b4a968e,d50ecbb2-6384-4cad-a7f8-ae0d593a971e,,
Massachusetts,Lori Trahan (D-3),"126 John Street, Suite 12",Lowell,Massachusetts,1852,4414fd38-62d1-4971-a688-6031e874ab49,d50ecbb2-6384-4cad-a7f8-ae0d593a971e,,
Massachusetts,Jake Auchincloss (D-4),"29 Crafts Street, Suite 375",Newton,Massachusetts,2458,adacf6d7-3705-4006-81ce-04dbad5e1ecf,d50ecbb2-6384-4cad-a7f8-ae0d593a971e,,
Massachusetts,Katherine Clark (D-5),"116 Concord Street, Suite 1",Framingham,Massachusetts,1702,0cfe9935-6dd6-4aa5-a576-46c5fbb908f3,d50ecbb2-6384-4cad-a7f8-ae0d593a971e,,
Massachusetts,Seth Moulton (D-6),21 Front Street,Salem,Massachusetts,1970,5c838553-ec17-4917-9ff9-c0a1eba58446,d50ecbb2-6384-4cad-a7f8-ae0d593a971e,,
Massachusetts,Ayanna Pressley (D-7),1700 Dorchester Avenue,Dorchester,Massachusetts,2124,09ddf3ad-005f-41f2-a3ca-c9ed0559c963,d50ecbb2-6384-4cad-a7f8-ae0d593a971e,,
Massachusetts,Stephen Lynch (D-8),"1 Harbor Street, Suite 304",Boston,Massachusetts,2210,ffce0776-4b5f-427a-bb67-9e46a246b19a,d50ecbb2-6384-4cad-a7f8-ae0d593a971e,,
Massachusetts,Bill Keating (D-9),"259 Stevens Street, Suite E",Hyannis,Massachusetts,2601,e3c91869-89c0-4852-9d76-46f965808656,d50ecbb2-6384-4cad-a7f8-ae0d593a971e,,
Michigan,Jack Bergman (R-1),"1500 West Washington Street, Suite A",Marquette,Michigan,49855,dbbc520e-b151-47b4-89e4-6ac4c7ebbdfb,d50ecbb2-6384-4cad-a7f8-ae0d593a971e,,
Michigan,John Moolenaar (R-2),"200 East Main Street, Suite 230",Midland,Michigan,48640,992aafe8-8261-46e9-b42d-75ef97d66d23,d50ecbb2-6384-4cad-a7f8-ae0d593a971e,,
Michigan,Hillary Scholten (D-3),"110 Michigan Street NW, Suite 102",Grand Rapids,Michigan,49503,9e2f2d51-e1d9-47df-8992-60248d229410,d50ecbb2-6384-4cad-a7f8-ae0d593a971e,,
Michigan,Bill Huizenga (R-4),"4555 Wilson Avenue SW, Suite 3",Grandville,Michigan,49418,cbc99134-e253-4fa8-8d2a-ea2250283b4f,d50ecbb2-6384-4cad-a7f8-ae0d593a971e,,
Michigan,Tim Walberg (R-5),401 West Michigan Avenue,Jackson,Michigan,49201,68b04807-d09c-41c9-97e7-6bbe5ece2e24,d50ecbb2-6384-4cad-a7f8-ae0d593a971e,,
Michigan,Debbie Dingell (D-6),1661 North Wayne Road,Westland,Michigan,48185,6974cb80-d885-451e-b31e-feca6146d5b3,d50ecbb2-6384-4cad-a7f8-ae0d593a971e,,
Michigan,Vacant (D-7) [Elissa Slotkin Resigned - Senator],"301 West Michigan Avenue, Suite 400",Ypsilanti,Michigan,48197,520b0283-3474-415a-b7af-0d479b72cb73,d50ecbb2-6384-4cad-a7f8-ae0d593a971e  # Slotkin resigned Nov 2024; no replacement yet,,
Michigan,Dan Kildee (D-8),"111 East Court Street, Suite 3B",Flint,Michigan,48502,c7970e5a-5af3-46a9-b922-84fbac33dc22,d50ecbb2-6384-4cad-a7f8-ae0d593a971e,,
Michigan,Lisa McClain (R-9),"6303 26 Mile Road, Suite 120",Shelby Township,Michigan,48316,39a31ea7-f32a-47a6-a1dd-c402b5ace6fe,d50ecbb2-6384-4cad-a7f8-ae0d593a971e,,
Michigan,John James (R-10),"38300 Van Dyke Avenue, Suite 101",Sterling Heights,Michigan,48312,88e37654-11fe-4242-b0c7-47bef24b60f8,d50ecbb2-6384-4cad-a7f8-ae0d593a971e,,
Michigan,Haley Stevens (D-11),"30701 Woodward Avenue, Suite 205",Royal Oak,Michigan,48073,a8761669-b7bd-4b1f-a477-2080cffef4c6,d50ecbb2-6384-4cad-a7f8-ae0d593a971e,,
Michigan,Rashida Tlaib (D-12),"17199 North Laurel Park Drive, Suite 131",Livonia,Michigan,48152,6e5cea37-797e-4ebb-a885-1774d34da651,d50ecbb2-6384-4cad-a7f8-ae0d593a971e,,
Michigan,Shri Thanedar (D-13),"400 Monroe Street, Suite 420",Detroit,Michigan,48226,7cdad20e-60fd-45e8-a337-7dbfcdbf3190,d50ecbb2-6384-4cad-a7f8-ae0d593a971e,,
Minnesota,Brad Finstad (R-1),1605 South Broadway,Albert Lea,Minnesota,56007,df7413cc-cd4d-4f9f-85f6-1ddf720d4ee2,d50ecbb2-6384-4cad-a7f8-ae0d593a971e,,
Minnesota,Angie Craig (D-2),"12940 Harriet Avenue South, Suite 230",Burnsville,Minnesota,55337,9a3e15bf-a6c4-459e-ab85-8fb44360f29c,d50ecbb2-6384-4cad-a7f8-ae0d593a971e,,
Minnesota,Dean Phillips (D-3),"13911 Ridgedale Drive, Suite 170",Minnetonka,Minnesota,55305,4fbdf0c8-6c92-4a7e-b13e-21357e33e689,d50ecbb2-6384-4cad-a7f8-ae0d593a971e,,
Minnesota,Betty McCollum (D-4),"2421 University Avenue West, Suite 101",St. Paul,Minnesota,55114,e2a0feda-44e2-4a2e-9f66-1c4096574f59,d50ecbb2-6384-4cad-a7f8-ae0d593a971e,,
Minnesota,Ilhan Omar (D-5),"404 3rd Avenue North, Suite 203",Minneapolis,Minnesota,55401,4e9e8d36-05e8-4a2e-b7e8-97968c6fadb9,d50ecbb2-6384-4cad-a7f8-ae0d593a971e,,
Minnesota,Tom Emmer (R-6),"9201 Quaday Avenue NE, Suite 206",Otsego,Minnesota,55330,9e8d9b7e-05ea-4c4e-8689-1e205426c819,d50ecbb2-6384-4cad-a7f8-ae0d593a971e,,
Minnesota,Michelle Fischbach (R-7),"100 1st Street SE, Suite 105",Willmar,Minnesota,56201,a8b1feda-6f9a-4e8e-9b7e-879e8c6fadb9,d50ecbb2-6384-4cad-a7f8-ae0d593a971e,,
Minnesota,Pete Stauber (R-8),1902 1st Avenue,Hibbing,Minnesota,55746,e9feda-44e2-4a2e-9f66-1c4096574f59,d50ecbb2-6384-4cad-a7f8-ae0d593a971e,,
Mississippi,Trent Kelly (R-1),1005 City Avenue North,Ripley,Mississippi,38663,6f9a4e8e-9b7e-879e-8c6f-adb9a8b1feda,d50ecbb2-6384-4cad-a7f8-ae0d593a971e,,
Mississippi,Bennie Thompson (D-2),107 West Madison Street,Bolton,Mississippi,39041,4a2e9f66-1c40-9657-4f59-e2a0feda44e2,d50ecbb2-6384-4cad-a7f8-ae0d593a971e,,
Mississippi,Michael Guest (R-3),308 East Government Street,Brandon,Mississippi,39042,05ea4c4e-8689-1e20-5426-c8199e8d9b7e,d50ecbb2-6384-4cad-a7f8-ae0d593a971e,,
Mississippi,Mike Ezell (R-4),116 5th Avenue North,Pascagoula,Mississippi,39567,6c92-4a7e-b13e-2135-7e33-e6894fbdf0c8,d50ecbb2-6384-4cad-a7f8-ae0d593a971e,,
Missouri,Cori Bush (D-1),6724A Page Avenue,St. Louis,Missouri,63133,879e-8c6f-adb9-a8b1-feda6f9a4e8e,d50ecbb2-6384-4cad-a7f8-ae0d593a971e,,
Missouri,Ann Wagner (R-2),"301 Sovereign Court, Suite 201",Ballwin,Missouri,63011,1c40-9657-4f59-e2a0-feda44e24a2e,d50ecbb2-6384-4cad-a7f8-ae0d593a971e,,
Missouri,Blaine Luetkemeyer (R-3),2117 Missouri Boulevard,Jefferson City,Missouri,65109,8689-1e20-5426-c819-9e8d9b7e05ea,d50ecbb2-6384-4cad-a7f8-ae0d593a971e,,
Missouri,Mark Alford (R-4),"1600 NE Coronado Drive, Suite 301",Blue Springs,Missouri,64014,b13e-2135-7e33-e689-4fbdf0c86c92,d50ecbb2-6384-4cad-a7f8-ae0d593a971e,,
Missouri,Emanuel Cleaver (D-5),"4001 Dr. Martin Luther King Jr. Boulevard, Suite 210",Kansas City,Missouri,64130,adb9-a8b1-feda-6f9a-4e8e9b7e879e,d50ecbb2-6384-4cad-a7f8-ae0d593a971e,,
Missouri,Sam Graves (R-6),"11724 NW Plaza Circle, Suite 700",Kansas City,Missouri,64153,4f59-e2a0-feda-44e2-4a2e9f661c40,d50ecbb2-6384-4cad-a7f8-ae0d593a971e,,
Missouri,Eric Burlison (R-7),"2727 East 32nd Street, Suite 2",Joplin,Missouri,64804,5426-c819-9e8d-9b7e-05ea4c4e8689,d50ecbb2-6384-4cad-a7f8-ae0d593a971e,,
Missouri,Jason Smith (R-8),"2502 Tanner Drive, Suite 205",Cape Girardeau,Missouri,63703,e689-4fbd-f0c8-6c92-4a7eb13e2135,d50ecbb2-6384-4cad-a7f8-ae0d593a971e,,
Montana,Ryan Zinke (R-1),"404 North 31st Street, Suite 216",Billings,Montana,59101,feda-6f9a-4e8e-9b7e-879e8c6fadb9,d50ecbb2-6384-4cad-a7f8-ae0d593a971e,,
Montana,Matt Rosendale (R-2),324 West Main Street,Bozeman,Montana,59715,e2a0-feda-44e2-4a2e-9f66-1c409657,d50ecbb2-6384-4cad-a7f8-ae0d593a971e,,
Nebraska,Mike Flood (R-1),2501 North Lincoln Avenue,Fremont,Nebraska,68025,9e8d-9b7e-05ea-4c4e-86891e205426,d50ecbb2-6384-4cad-a7f8-ae0d593a971e,,
Nebraska,Don Bacon (R-2),"13906 Gold Circle, Suite 101",Omaha,Nebraska,68144,4fbd-f0c8-6c92-4a7e-b13e21357e33,d50ecbb2-6384-4cad-a7f8-ae0d593a971e,,
Nebraska,Adrian Smith (R-3),"416 Valley View Drive, Suite 600",Scottsbluff,Nebraska,69361,6f9a-4e8e-9b7e-879e-8c6f-adb9a8b1,d50ecbb2-6384-4cad-a7f8-ae0d593a971e,,
Nevada,Dina Titus (D-1),"495 South Main Street, 3rd Floor",Las Vegas,Nevada,89101,44e2-4a2e-9f66-1c40-96574f59e2a0,d50ecbb2-6384-4cad-a7f8-ae0d593a971e,,
Nevada,Mark Amodei (R-2),"905 Railroad Street, Suite 104D",Elko,Nevada,89801,05ea-4c4e-8689-1e20-5426c8199e8d,d50ecbb2-6384-4cad-a7f8-ae0d593a971e,,
Nevada,Susie Lee (D-3),"8872 South Eastern Avenue, Suite 220",Las Vegas,Nevada,89123,6c92-4a7e-b13e-2135-7e33e6894fbd,d50ecbb2-6384-4cad-a7f8-ae0d593a971e,,
Nevada,Steven Horsford (D-4),"2250 North Las Vegas Boulevard, Suite 500",North Las Vegas,Nevada,89030,879e-8c6f-adb9-a8b1-feda6f9a4e8e,d50ecbb2-6384-4cad-a7f8-ae0d593a971e,,
New Hampshire,Chris Pappas (D-1),"660 Central Avenue, Suite 101",Dover,New Hampshire,3820,1c40-9657-4f59-e2a0-feda44e24a2e,d50ecbb2-6384-4cad-a7f8-ae0d593a971e,,
New Hampshire,Ann McLane Kuster (D-2),"80 Daniel Street, Suite 1",Portsmouth,New Hampshire,3801,8689-1e20-5426-c819-9e8d9b7e05ea,d50ecbb2-6384-4cad-a7f8-ae0d593a971e,,
New Jersey,Donald Norcross (D-1),"10 Melrose Avenue, Suite 210",Cherry Hill,New Jersey,8003,b13e-2135-7e33-e689-4fbdf0c86c92,d50ecbb2-6384-4cad-a7f8-ae0d593a971e,,
New Jersey,Jeff Van Drew (R-2),1237 Route 9 South,Cape May Court House,New Jersey,8210,adb9-a8b1-feda-6f9a-4e8e9b7e879e,d50ecbb2-6384-4cad-a7f8-ae0d593a971e,,
New Jersey,Vacant (D-3) [Andy Kim Resigned - Senator],"83 Princeton Avenue, Suite 3A",Hopewell,New Jersey,8525,4f59-e2a0-feda-44e2-4a2e9f661c40,d50ecbb2-6384-4cad-a7f8-ae0d593a971e  # Kim resigned Nov 2024; no replacement yet,,
New Jersey,Chris Smith (R-4),"4573 South Broad Street, Suite 100",Hamilton,New Jersey,8620,5426-c819-9e8d-9b7e-05ea4c4e8689,d50ecbb2-6384-4cad-a7f8-ae0d593a971e,,
New Jersey,Josh Gottheimer (D-5),"65 Harristown Road, Suite 104",Glen Rock,New Jersey,7452,e689-4fbd-f0c8-6c92-4a7eb13e2135,d50ecbb2-6384-4cad-a7f8-ae0d593a971e,,
New Jersey,Frank Pallone (D-6),67/69 Church Street,New Brunswick,New Jersey,8901,feda-6f9a-4e8e-9b7e-879e8c6fadb9,d50ecbb2-6384-4cad-a7f8-ae0d593a971e,,
New Jersey,Tom Kean Jr. (R-7),"75 Claremont Road, Suite 204",Bernardsville,New Jersey,7924,e2a0-feda-44e2-4a2e-9f66-1c409657,d50ecbb2-6384-4cad-a7f8-ae0d593a971e,,
New Jersey,Rob Menendez (D-8),"400 Market Street, 2nd Floor",Newark,New Jersey,7105,9e8d-9b7e-05ea-4c4e-86891e205426,d50ecbb2-6384-4cad-a7f8-ae0d593a971e,,
New Jersey,Vacant (D-9) [Bill Pascrell Jr. Deceased],"200 Federal Plaza, Suite 500",Paterson,New Jersey,7505,4fbd-f0c8-6c92-4a7e-b13e21357e33,d50ecbb2-6384-4cad-a7f8-ae0d593a971e  # Pascrell died Aug 21,2024; special election March 25,2025; still vacant
New Jersey,LaMonica McIver (D-10),"60 Nelson Place, 14th Floor",Newark,New Jersey,7102,new-uuid-0001-4c4e-8689-1e205426c819,d50ecbb2-6384-4cad-a7f8-ae0d593a971e  # Sworn in Nov 13,2024 after Payne Jr.’s death,
New Jersey,Mikie Sherrill (D-11),"357 South Livingston Avenue, Suite 2B",Livingston,New Jersey,7039,6f9a-4e8e-9b7e-879e-8c6f-adb9a8b1,d50ecbb2-6384-4cad-a7f8-ae0d593a971e,,
New Jersey,Bonnie Watson Coleman (D-12),"850 Bear Tavern Road, Suite 201",Ewing,New Jersey,8628,44e2-4a2e-9f66-1c40-96574f59e2a0,d50ecbb2-6384-4cad-a7f8-ae0d593a971e,,
New Mexico,Teresa Leger Fernández (D-1),"3200 Civic Center Circle NE, Suite 330",Rio Rancho,New Mexico,87144,05ea-4c4e-8689-1e20-5426c8199e8d,d50ecbb2-6384-4cad-a7f8-ae0d593a971e,,
New Mexico,Gabe Vasquez (D-2),"201 North Church Street, Suite 300B",Las Cruces,New Mexico,88001,6c92-4a7e-b13e-2135-7e33e6894fbd,d50ecbb2-6384-4cad-a7f8-ae0d593a971e,,
New Mexico,Melanie Stansbury (D-3),"6301 Indian School Road NE, Suite 610",Albuquerque,New Mexico,87110,879e-8c6f-adb9-a8b1-feda6f9a4e8e,d50ecbb2-6384-4cad-a7f8-ae0d593a971e,,
New York,Nick LaLota (R-1),"30 West Main Street, Suite 202",Riverhead,New York,11901,1c40-9657-4f59-e2a0-feda44e24a2e,d50ecbb2-6384-4cad-a7f8-ae0d593a971e,,
New York,Andrew Garbarino (R-2),1003 Park Boulevard,Massapequa Park,New York,11762,8689-1e20-5426-c819-9e8d9b7e05ea,d50ecbb2-6384-4cad-a7f8-ae0d593a971e,,
New York,Tom Suozzi (D-3),478A Park Avenue,Huntington,New York,11743,b13e-2135-7e33-e689-4fbdf0c86c92,d50ecbb2-6384-4cad-a7f8-ae0d593a971e,,
New York,Anthony D’Esposito (R-4),"229 7th Street, Suite 202",Garden City,New York,11530,adb9-a8b1-feda-6f9a-4e8e9b7e879e,d50ecbb2-6384-4cad-a7f8-ae0d593a971e,,
New York,Gregory Meeks (D-5),67-12 Rockaway Boulevard,Queens,New York,11434,4f59-e2a0-feda-44e2-4a2e9f661c40,d50ecbb2-6384-4cad-a7f8-ae0d593a971e,,
New York,Grace Meng (D-6),"40-13 159th Street, Suite A",Flushing,New York,11358,5426-c819-9e8d-9b7e-05ea4c4e8689,d50ecbb2-6384-4cad-a7f8-ae0d593a971e,,
New York,Nydia Velázquez (D-7),"266 Broadway, Suite 201",Brooklyn,New York,11211,e689-4fbd-f0c8-6c92-4a7eb13e2135,d50ecbb2-6384-4cad-a7f8-ae0d593a971e,,
New York,Hakeem Jeffries (D-8),"445 Neptune Avenue, 1st Floor",Brooklyn,New York,11224,feda-6f9a-4e8e-9b7e-879e8c6fadb9,d50ecbb2-6384-4cad-a7f8-ae0d593a971e,,
New York,Yvette Clarke (D-9),"123 Linden Boulevard, 4th Floor",Brooklyn,New York,11226,new-uuid-0011-4c4e-8689-1e205426c819,d50ecbb2-6384-4cad-a7f8-ae0d593a971e,,
New York,Daniel Goldman (D-10),"16 Court Street, Suite 2500",Brooklyn,New York,11241,new-uuid-0012-4c4e-8689-1e205426c819,d50ecbb2-6384-4cad-a7f8-ae0d593a971e,,
New York,Nicole Malliotakis (R-11),7716 3rd Avenue,Brooklyn,New York,11209,e2a0-feda-44e2-4a2e-9f66-1c409657,d50ecbb2-6384-4cad-a7f8-ae0d593a971e,,
New York,Jerrold Nadler (D-12),"201 Varick Street, Suite 669",New York,New York,10014,9e8d-9b7e-05ea-4c4e-86891e205426,d50ecbb2-6384-4cad-a7f8-ae0d593a971e,,
New York,Adriano Espaillat (D-13),"163 West 125th Street, Suite 508",New York,New York,10027,4fbd-f0c8-6c92-4a7e-b13e21357e33,d50ecbb2-6384-4cad-a7f8-ae0d593a971e,,
New York,Alexandria Ocasio-Cortez (D-14),"74-09 37th Avenue, Suite 305",Jackson Heights,New York,11372,6f9a-4e8e-9b7e-879e-8c6f-adb9a8b1,d50ecbb2-6384-4cad-a7f8-ae0d593a971e,,
New York,Ritchie Torres (D-15),"1231 Lafayette Avenue, 4th Floor",Bronx,New York,10474,44e2-4a2e-9f66-1c40-96574f59e2a0,d50ecbb2-6384-4cad-a7f8-ae0d593a971e,,
New York,Jamaal Bowman (D-16),"222 Mamaroneck Avenue, Suite 312",White Plains,New York,10605,05ea-4c4e-8689-1e20-5426c8199e8d,d50ecbb2-6384-4cad-a7f8-ae0d593a971e,,
New York,Mike Lawler (R-17),"222 Mamaroneck Avenue, Suite 305",White Plains,New York,10605,6c92-4a7e-b13e-2135-7e33e6894fbd,d50ecbb2-6384-4cad-a7f8-ae0d593a971e,,
New York,Pat Ryan (D-18),2568 Route 9W,Cornwall,New York,12518,879e-8c6f-adb9-a8b1-feda6f9a4e8e,d50ecbb2-6384-4cad-a7f8-ae0d593a971e,,
New York,Marc Molinaro (R-19),49 Court Street,Binghamton,New York,13901,1c40-9657-4f59-e2a0-feda44e24a2e,d50ecbb2-6384-4cad-a7f8-ae0d593a971e,,
New York,Paul Tonko (D-20),"19 Dove Street, Suite 302",Albany,New York,12210,8689-1e20-5426-c819-9e8d9b7e05ea,d50ecbb2-6384-4cad-a7f8-ae0d593a971e,,
New York,Elise Stefanik (R-21),88 South Main Street,Canton,New York,13617,b13e-2135-7e33-e689-4fbdf0c86c92,d50ecbb2-6384-4cad-a7f8-ae0d593a971e,,
New York,Brandon Williams (R-22),214 West Genesee Street,Syracuse,New York,13202,adb9-a8b1-feda-6f9a-4e8e9b7e879e,d50ecbb2-6384-4cad-a7f8-ae0d593a971e,,
New York,Nick Langworthy (R-23),"8203 Main Street, Suite 2",Williamsville,New York,14221,4f59-e2a0-feda-44e2-4a2e9f661c40,d50ecbb2-6384-4cad-a7f8-ae0d593a971e,,
New York,Claudia Tenney (R-24),"555 French Road, Suite 101",New Hartford,New York,13413,5426-c819-9e8d-9b7e-05ea4c4e8689,d50ecbb2-6384-4cad-a7f8-ae0d593a971e,,
New York,Joseph Morelle (D-25),"3120 Federal Building, 100 State Street",Rochester,New York,14614,e689-4fbd-f0c8-6c92-4a7eb13e2135,d50ecbb2-6384-4cad-a7f8-ae0d593a971e,,
New York,Timothy Kennedy (D-26),"726 Exchange Street, Suite 601",Buffalo,New York,14210,feda-6f9a-4e8e-9b7e-879e8c6fadb9,d50ecbb2-6384-4cad-a7f8-ae0d593a971e  # Replaced Higgins,sworn in April 30,2024
North Carolina,Don Davis (D-1),"1710 East Arlington Boulevard, Suite A",Greenville,North Carolina,27858,e2a0-feda-44e2-4a2e-9f66-1c409657,d50ecbb2-6384-4cad-a7f8-ae0d593a971e,,
North Carolina,Deborah Ross (D-2),"300 Fayetteville Street, Suite 510",Raleigh,North Carolina,27601,9e8d-9b7e-05ea-4c4e-86891e205426,d50ecbb2-6384-4cad-a7f8-ae0d593a971e,,
North Carolina,Greg Murphy (R-3),311 West Main Street,Havelock,North Carolina,28532,4fbd-f0c8-6c92-4a7e-b13e21357e33,d50ecbb2-6384-4cad-a7f8-ae0d593a971e,,
North Carolina,Valerie Foushee (D-4),"300 West Hargett Street, Suite 306",Raleigh,North Carolina,27601,6f9a-4e8e-9b7e-879e-8c6f-adb9a8b1,d50ecbb2-6384-4cad-a7f8-ae0d593a971e,,
North Carolina,Virginia Foxx (R-5),"3540 Clemmons Road, Suite 125",Clemmons,North Carolina,27012,44e2-4a2e-9f66-1c40-96574f59e2a0,d50ecbb2-6384-4cad-a7f8-ae0d593a971e,,
North Carolina,Kathy Manning (D-6),"100 South Elm Street, Suite 535",Greensboro,North Carolina,27401,05ea-4c4e-8689-1e20-5426c8199e8d,d50ecbb2-6384-4cad-a7f8-ae0d593a971e,,
North Carolina,David Rouzer (R-7),"310 Government Center Drive, Unit 1",Wilmington,North Carolina,28403,6c92-4a7e-b13e-2135-7e33e6894fbd,d50ecbb2-6384-4cad-a7f8-ae0d593a971e,,
North Carolina,Dan Bishop (R-8),105 West Eden Street,Edenton,North Carolina,27932,new-uuid-0002-4c4e-8689-1e205426c819,d50ecbb2-6384-4cad-a7f8-ae0d593a971e,,
North Carolina,Richard Hudson (R-9),"225 Green Street, Suite 202",Fayetteville,North Carolina,28301,new-uuid-0003-4c4e-8689-1e205426c819,d50ecbb2-6384-4cad-a7f8-ae0d593a971e,,
North Carolina,Patrick McHenry (R-10),1990 Main Avenue SE,Hickory,North Carolina,28602,new-uuid-0004-4c4e-8689-1e205426c819,d50ecbb2-6384-4cad-a7f8-ae0d593a971e,,
North Carolina,Chuck Edwards (R-11),"200 North Grove Street, Suite 102",Hendersonville,North Carolina,28792,new-uuid-0005-4c4e-8689-1e205426c819,d50ecbb2-6384-4cad-a7f8-ae0d593a971e,,
North Carolina,Alma Adams (D-12),"321 McCullough Drive, Suite 220",Charlotte,North Carolina,28262,new-uuid-0006-4c4e-8689-1e205426c819,d50ecbb2-6384-4cad-a7f8-ae0d593a971e,,
North Carolina,Wiley Nickel (D-13),"1100 Navaho Drive, Suite 107",Raleigh,North Carolina,27609,new-uuid-0007-4c4e-8689-1e205426c819,d50ecbb2-6384-4cad-a7f8-ae0d593a971e,,
North Carolina,Jeff Jackson (D-14),"2701 Freedom Drive, Suite 3",Charlotte,North Carolina,28208,new-uuid-0008-4c4e-8689-1e205426c819,d50ecbb2-6384-4cad-a7f8-ae0d593a971e,,
Northern Mariana Islands,Gregorio Sablan (D-AL),P.O. Box 504687,Saipan,Northern Mariana Islands,96950,new-uuid-0010-4c4e-8689-1e205426c819,d50ecbb2-6384-4cad-a7f8-ae0d593a971e  # Physical: House Annex,Susupe,
Ohio,Brad Wenstrup (R-2),"7954 Beechmont Avenue, Suite 200",Cincinnati,Ohio,45255,e6086f94-182d-49c4-9647-c493f35610a6,d50ecbb2-6384-4cad-a7f8-ae0d593a971e  # Note: Starts OH due to NC-OH gap,,
Ohio,Joyce Beatty (D-3),"471 East Broad Street, Suite 1100",Columbus,Ohio,43215,3acd7b19-7ae8-453a-93cf-eb55b2b88a95,d50ecbb2-6384-4cad-a7f8-ae0d593a971e,,
Ohio,Greg Landsman (D-1),"65 East State Street, Suite 1710",Columbus,Ohio,43215,9f51f598-1040-41fe-aae4-de3b1ff6efbc,d50ecbb2-6384-4cad-a7f8-ae0d593a971e,,
Ohio,Jim Jordan (R-4),3121 West Elm Plaza,Lima,Ohio,45805,4f4ad5df-28a3-4e18-a384-223e293554a1,d50ecbb2-6384-4cad-a7f8-ae0d593a971e,,
Ohio,Bob Latta (R-5),101 West Sandusky Street,Findlay,Ohio,45840,3acd7b19-7ae8-453a-93cf-eb55b2b88a95,d50ecbb2-6384-4cad-a7f8-ae0d593a971e,,
Ohio,Bill Johnson (R-6),192 East State Street,Salem,Ohio,44460,cde7df51-8bae-46b2-ab45-62d866af497e,d50ecbb2-6384-4cad-a7f8-ae0d593a971e,,
Ohio,Max Miller (R-7),7335 Ridge Road,Parma,Ohio,44129,432b176b-be2f-477a-843a-35efcd81dbdf,d50ecbb2-6384-4cad-a7f8-ae0d593a971e,,
Ohio,Warren Davidson (R-8),"8850 Cincinnati-Dayton Road, Suite 203",West Chester,Ohio,45069,95ab0c1a-9e2d-4dbf-b281-c2afca4b65a5,d50ecbb2-6384-4cad-a7f8-ae0d593a971e,,
Ohio,Marcy Kaptur (D-9),"1 Maritime Plaza, 6th Floor",Toledo,Ohio,43604,f9102342-502d-452b-9bd7-16c12293d326,d50ecbb2-6384-4cad-a7f8-ae0d593a971e,,
Ohio,Mike Turner (R-10),"120 West 3rd Street, Suite 305",Dayton,Ohio,45402,1015a2c9-e6bb-44f3-b66d-948fd91aa386,d50ecbb2-6384-4cad-a7f8-ae0d593a971e,,
Ohio,Shontel Brown (D-11),4259 Northfield Road,Warrensville Heights,Ohio,44128,48a8c4db-e398-4b01-bdb8-a38f51b5540e,d50ecbb2-6384-4cad-a7f8-ae0d593a971e,,
Ohio,Troy Balderson (R-12),"250 East Wilson Bridge Road, Suite 100",Worthington,Ohio,43085,6ce1c1cc-3dd2-4f45-8180-017dce635436,d50ecbb2-6384-4cad-a7f8-ae0d593a971e,,
Ohio,Emilia Sykes (D-13),"121 South Main Street, Suite 107",Akron,Ohio,44308,6ab9e5e1-8ec3-4b70-9e7f-9393cfbac55e,d50ecbb2-6384-4cad-a7f8-ae0d593a971e,,
Ohio,Dave Joyce (R-14),"8500 Station Street, Suite 390",Mentor,Ohio,44060,ae786638-c3e0-4657-96ff-897015a4fee6,d50ecbb2-6384-4cad-a7f8-ae0d593a971e,,
Ohio,Mike Carey (R-15),"100 East Campus View Boulevard, Suite 220",Columbus,Ohio,43235,9bcfc8eb-bd9f-48bf-9d92-446744d56812,d50ecbb2-6384-4cad-a7f8-ae0d593a971e,,
Ohio,Vacant (R-16) [Anthony Gonzalez Resigned],"11 South Main Street, Suite 201",Mansfield,Ohio,44902,new-uuid-0013-4c4e-8689-1e205426c819,d50ecbb2-6384-4cad-a7f8-ae0d593a971e  # Gonzalez resigned; no replacement yet,,
Oklahoma,Kevin Hern (R-1),"101 North Boston Avenue, Suite 201",Tulsa,Oklahoma,74103,26b372b3-5e06-43c7-a0b8-a6980785787b,d50ecbb2-6384-4cad-a7f8-ae0d593a971e,,
Oklahoma,Josh Brecheen (R-2),"100 North Broadway Avenue, Suite 108",Muskogee,Oklahoma,74401,53ac217e-3217-4b48-b5b1-1a7378936094,d50ecbb2-6384-4cad-a7f8-ae0d593a971e,,
Oklahoma,Frank Lucas (R-3),"10952 NW Expressway, Suite B",Yukon,Oklahoma,73099,0b395dc0-767a-41b3-ae4b-c2111c1d0296,d50ecbb2-6384-4cad-a7f8-ae0d593a971e,,
Oklahoma,Tom Cole (R-4),"2424 Springer Drive, Suite 201",Norman,Oklahoma,73069,c9ff2435-8b2a-434e-be7e-74f57327f8d4,d50ecbb2-6384-4cad-a7f8-ae0d593a971e,,
Oklahoma,Stephanie Bice (R-5),"4045 NW 64th Street, Suite 406",Oklahoma City,Oklahoma,73116,c7823215-0819-42cd-a5af-47d614e5bc6b,d50ecbb2-6384-4cad-a7f8-ae0d593a971e,,
Oregon,Suzanne Bonamici (D-1),"12725 SW Millikan Way, Suite 220",Beaverton,Oregon,97005,79c9e8d6-2f38-46f9-a923-28130133cfda,d50ecbb2-6384-4cad-a7f8-ae0d593a971e,,
Oregon,Cliff Bentz (R-2),"14 South Central Avenue, Suite 103",Medford,Oregon,97501,adbd0aa5-bb15-48c3-879f-cdc10cdaf9d3,d50ecbb2-6384-4cad-a7f8-ae0d593a971e,,
Oregon,Earl Blumenauer (D-3),"911 NE 11th Avenue, Suite 200",Portland,Oregon,97232,6e5d3d0c-e9f2-4c03-af6d-de421fc00dcd,d50ecbb2-6384-4cad-a7f8-ae0d593a971e,,
Oregon,Val Hoyle (D-4),"1255 Pearl Street, Suite 101",Eugene,Oregon,97401,df97d015-651e-4274-b90c-b941355f7e35,d50ecbb2-6384-4cad-a7f8-ae0d593a971e,,
Oregon,Lori Chavez-DeRemer (R-5),"13879 SW Chinn Lane, Suite 101",Tigard,Oregon,97224,bf3f5942-6da8-4df1-8fbe-8bbdee9ab312,d50ecbb2-6384-4cad-a7f8-ae0d593a971e,,
Oregon,Andrea Salinas (D-6),"1001 SW 5th Avenue, Suite 1110",Portland,Oregon,97204,60206d94-cc8b-42f6-8fa2-7f6c2053ec49,d50ecbb2-6384-4cad-a7f8-ae0d593a971e,,
Pennsylvania,Brian Fitzpatrick (R-1),"1717 Langhorne Newtown Road, Suite 400",Langhorne,Pennsylvania,19047,e2a0-feda-44e2-4a2e-9f66-1c409657,d50ecbb2-6384-4cad-a7f8-ae0d593a971e,,
Pennsylvania,Brendan Boyle (D-2),"115 East Glenside Avenue, Suite 1",Glenside,Pennsylvania,19038,9e8d-9b7e-05ea-4c4e-86891e205426,d50ecbb2-6384-4cad-a7f8-ae0d593a971e,,
Pennsylvania,Dwight Evans (D-3),7174 Ogontz Avenue,Philadelphia,Pennsylvania,19138,4fbd-f0c8-6c92-4a7e-b13e21357e33,d50ecbb2-6384-4cad-a7f8-ae0d593a971e,,
Pennsylvania,Madeleine Dean (D-4),"2501 Huntingdon Pike, Suite 102",Huntingdon Valley,Pennsylvania,19006,6f9a-4e8e-9b7e-879e-8c6f-adb9a8b1,d50ecbb2-6384-4cad-a7f8-ae0d593a971e,,
Pennsylvania,Mary Gay Scanlon (D-5),"1500 East Lancaster Avenue, Suite 205",Paoli,Pennsylvania,19301,44e2-4a2e-9f66-1c40-96574f59e2a0,d50ecbb2-6384-4cad-a7f8-ae0d593a971e,,
Pennsylvania,Chrissy Houlahan (D-6),"709 East Gay Street, Suite 4",West Chester,Pennsylvania,19380,05ea-4c4e-8689-1e20-5426c8199e8d,d50ecbb2-6384-4cad-a7f8-ae0d593a971e,,
Pennsylvania,Susan Wild (D-7),"1650 Market Street, Suite 3600",Philadelphia,Pennsylvania,19103,6c92-4a7e-b13e-2135-7e33e6894fbd,d50ecbb2-6384-4cad-a7f8-ae0d593a971e,,
Pennsylvania,Matt Cartwright (D-8),"20 North Pennsylvania Avenue, Suite 201",Wilkes-Barre,Pennsylvania,18701,879e-8c6f-adb9-a8b1-feda6f9a4e8e,d50ecbb2-6384-4cad-a7f8-ae0d593a971e,,
Pennsylvania,Dan Meuser (R-9),"400 North Market Street, Suite 100",Selinsgrove,Pennsylvania,17870,1c40-9657-4f59-e2a0-feda44e24a2e,d50ecbb2-6384-4cad-a7f8-ae0d593a971e,,
Pennsylvania,Scott Perry (R-10),"2501 Catherine Street, Suite 1",York,Pennsylvania,17408,8689-1e20-5426-c819-9e8d9b7e05ea,d50ecbb2-6384-4cad-a7f8-ae0d593a971e,,
Pennsylvania,Lloyd Smucker (R-11),51 South Duke Street,Lancaster,Pennsylvania,17602,b13e-2135-7e33-e689-4fbdf0c86c92,d50ecbb2-6384-4cad-a7f8-ae0d593a971e,,
Pennsylvania,Summer Lee (D-12),"1001 Ardmore Boulevard, Suite 200",Pittsburgh,Pennsylvania,15221,adb9-a8b1-feda-6f9a-4e8e9b7e879e,d50ecbb2-6384-4cad-a7f8-ae0d593a971e,,
Pennsylvania,John Joyce (R-13),110 Lincoln Way East,Chambersburg,Pennsylvania,17201,4f59-e2a0-feda-44e2-4a2e9f661c40,d50ecbb2-6384-4cad-a7f8-ae0d593a971e,,
Pennsylvania,Guy Reschenthaler (R-14),"4099 William Penn Highway, Suite 301",Monroeville,Pennsylvania,15146,5426-c819-9e8d-9b7e-05ea4c4e8689,d50ecbb2-6384-4cad-a7f8-ae0d593a971e,,
Pennsylvania,Glenn Thompson (R-15),"127 West Spring Street, Suite 2",Titusville,Pennsylvania,16354,e689-4fbd-f0c8-6c92-4a7eb13e2135,d50ecbb2-6384-4cad-a7f8-ae0d593a971e,,
Pennsylvania,Mike Kelly (R-16),"208 East Bayfront Parkway, Suite 102",Erie,Pennsylvania,16507,feda-6f9a-4e8e-9b7e-879e8c6fadb9,d50ecbb2-6384-4cad-a7f8-ae0d593a971e,,
Pennsylvania,Chris Deluzio (D-17),"355 Fifth Avenue, Suite 400",Pittsburgh,Pennsylvania,15222,e2a0-feda-44e2-4a2e-9f66-1c409657,d50ecbb2-6384-4cad-a7f8-ae0d593a971e,,
Pennsylvania,Mike Doyle (D-18),2637 East Carson Street,Pittsburgh,Pennsylvania,15203,e689-4fbd-f0c8-6c92-4a7eb13e2135,d50ecbb2-6384-4cad-a7f8-ae0d593a971e,,
Puerto Rico,Jenniffer González-Colón (R-AL),157 Avenida de la Constitución,San Juan,Puerto Rico,901,new-uuid-0009-4c4e-8689-1e205426c819,d50ecbb2-6384-4cad-a7f8-ae0d593a971e,,
Rhode Island,Gabe Amo (D-1),"1070 Main Street, Suite 300",Pawtucket,Rhode Island,2860,9e8d-9b7e-05ea-4c4e-86891e205426,d50ecbb2-6384-4cad-a7f8-ae0d593a971e,,
Rhode Island,Seth Magaziner (D-2),"475 Kilvert Street, Suite 310",Warwick,Rhode Island,2886,4fbd-f0c8-6c92-4a7e-b13e21357e33,d50ecbb2-6384-4cad-a7f8-ae0d593a971e,,
South Carolina,Nancy Mace (R-1),"530 Johnnie Dodds Boulevard, Suite 201",Mount Pleasant,South Carolina,29464,6f9a-4e8e-9b7e-879e-8c6f-adb9a8b1,d50ecbb2-6384-4cad-a7f8-ae0d593a971e,,
South Carolina,Joe Wilson (R-2),"1931 Assembly Street, Suite A",Columbia,South Carolina,29201,44e2-4a2e-9f66-1c40-96574f59e2a0,d50ecbb2-6384-4cad-a7f8-ae0d593a971e,,
South Carolina,Jeff Duncan (R-3),303 West Beltline Boulevard,Anderson,South Carolina,29625,05ea-4c4e-8689-1e20-5426c8199e8d,d50ecbb2-6384-4cad-a7f8-ae0d593a971e,,
South Carolina,William Timmons (R-4),315 West Main Street,Greenville,South Carolina,29601,6c92-4a7e-b13e-2135-7e33e6894fbd,d50ecbb2-6384-4cad-a7f8-ae0d593a971e,,
South Carolina,Ralph Norman (R-5),"2500 North Main Street, Suite 100",Rock Hill,South Carolina,29732,879e-8c6f-adb9-a8b1-feda6f9a4e8e,d50ecbb2-6384-4cad-a7f8-ae0d593a971e,,
South Carolina,James Clyburn (D-6),"1301 Gervais Street, Suite 825",Columbia,South Carolina,29201,1c40-9657-4f59-e2a0-feda44e24a2e,d50ecbb2-6384-4cad-a7f8-ae0d593a971e,,
South Dakota,Dusty Johnson (R-AL),501 East Saint Joseph Street,Rapid City,South Dakota,57701,8689-1e20-5426-c819-9e8d9b7e05ea,d50ecbb2-6384-4cad-a7f8-ae0d593a971e,,
Tennessee,David Kustoff (R-1),"100 West Main Street, Suite 200",Jackson,Tennessee,38301,feda-6f9a-4e8e-9b7e-879e8c6fadb9,d50ecbb2-6384-4cad-a7f8-ae0d593a971e,,
Tennessee,Tim Burchett (R-2),"800 Market Street, Suite 110",Knoxville,Tennessee,37902,e2a0-feda-44e2-4a2e-9f66-1c409657,d50ecbb2-6384-4cad-a7f8-ae0d593a971e,,
Tennessee,Chuck Fleischmann (R-3),"900 Georgia Avenue, Suite 126",Chattanooga,Tennessee,37402,9e8d-9b7e-05ea-4c4e-86891e205426,d50ecbb2-6384-4cad-a7f8-ae0d593a971e,,
Tennessee,Scott DesJarlais (R-4),"301 South Perimeter Park Drive, Suite 100",Nashville,Tennessee,37211,4fbd-f0c8-6c92-4a7e-b13e21357e33,d50ecbb2-6384-4cad-a7f8-ae0d593a971e,,
Tennessee,Andrew Ogles (R-5),107 South Main Street,Columbia,Tennessee,38401,6f9a-4e8e-9b7e-879e-8c6f-adb9a8b1,d50ecbb2-6384-4cad-a7f8-ae0d593a971e,,
Tennessee,John Rose (R-6),"321 East Spring Street, Suite 301",Cookeville,Tennessee,38501,44e2-4a2e-9f66-1c40-96574f59e2a0,d50ecbb2-6384-4cad-a7f8-ae0d593a971e,,
Tennessee,Mark Green (R-7),"305 Public Square, Suite 212",Franklin,Tennessee,37064,05ea-4c4e-8689-1e20-5426c8199e8d,d50ecbb2-6384-4cad-a7f8-ae0d593a971e,,
Tennessee,David Kustoff (R-8),"100 West Main Street, Suite 200",Jackson,Tennessee,38301,b13e-2135-7e33-e689-4fbdf0c86c92,d50ecbb2-6384-4cad-a7f8-ae0d593a971e,,
Tennessee,Steve Cohen (D-9),"167 North Main Street, Suite 369",Memphis,Tennessee,38103,adb9-a8b1-feda-6f9a-4e8e9b7e879e,d50ecbb2-6384-4cad-a7f8-ae0d593a971e,,
Texas,Nathaniel Moran (R-1),"1121 East Southeast Loop 323, Suite 206",Tyler,Texas,75701,6f9a-4e8e-9b7e-879e-8c6f-adb9a8b1,d50ecbb2-6384-4cad-a7f8-ae0d593a971e,,
Texas,Dan Crenshaw (R-2),"1849 Kingwood Drive, Suite 100",Kingwood,Texas,77339,44e2-4a2e-9f66-1c40-96574f59e2a0,d50ecbb2-6384-4cad-a7f8-ae0d593a971e,,
Texas,Keith Self (R-3),"2500 North Robison Road, Suite 190",Texarkana,Texas,75501,05ea-4c4e-8689-1e20-5426c8199e8d,d50ecbb2-6384-4cad-a7f8-ae0d593a971e,,
Texas,Pat Fallon (R-4),"1117 FM 544, Suite 100",Wylie,Texas,75098,6c92-4a7e-b13e-2135-7e33e6894fbd,d50ecbb2-6384-4cad-a7f8-ae0d593a971e,,
Texas,Lance Gooden (R-5),220 Burnett Trail,Canton,Texas,75103,879e-8c6f-adb9-a8b1-feda6f9a4e8e,d50ecbb2-6384-4cad-a7f8-ae0d593a971e,,
Texas,Jake Ellzey (R-6),"1005 Long Prairie Road, Suite 100",Flower Mound,Texas,75022,1c40-9657-4f59-e2a0-feda44e24a2e,d50ecbb2-6384-4cad-a7f8-ae0d593a971e,,
Texas,Lizzie Fletcher (D-7),"5599 San Felipe Street, Suite 950",Houston,Texas,77056,8689-1e20-5426-c819-9e8d9b7e05ea,d50ecbb2-6384-4cad-a7f8-ae0d593a971e,,
Texas,Morgan Luttrell (R-8),"13131 Champions Drive, Suite 204",Houston,Texas,77069,8689-1e20-5426-c819-9e8d9b7e05ea,d50ecbb2-6384-4cad-a7f8-ae0d593a971e,,
Texas,Al Green (D-9),"11811 East Freeway, Suite 315",Houston,Texas,77029,b13e-2135-7e33-e689-4fbdf0c86c92,d50ecbb2-6384-4cad-a7f8-ae0d593a971e,,
Texas,Michael McCaul (R-10),"9009 Mountain Ridge Drive, Suite 230",Austin,Texas,78759,adb9-a8b1-feda-6f9a-4e8e9b7e879e,d50ecbb2-6384-4cad-a7f8-ae0d593a971e,,
Texas,August Pfluger (R-11),"100 East Twohig Avenue, Suite 100",San Angelo,Texas,76903,4f59-e2a0-feda-44e2-4a2e9f661c40,d50ecbb2-6384-4cad-a7f8-ae0d593a971e,,
Texas,Kay Granger (R-12),5501 West Rosedale Street,Fort Worth,Texas,76107,5426-c819-9e8d-9b7e-05ea4c4e8689,d50ecbb2-6384-4cad-a7f8-ae0d593a971e,,
Texas,Ronny Jackson (R-13),"620 South Taylor Street, Suite 200",Amarillo,Texas,79101,e689-4fbd-f0c8-6c92-4a7eb13e2135,d50ecbb2-6384-4cad-a7f8-ae0d593a971e,,
Texas,Randy Weber (R-14),"122 West Way Street, Suite 301",Lake Jackson,Texas,77566,feda-6f9a-4e8e-9b7e-879e8c6fadb9,d50ecbb2-6384-4cad-a7f8-ae0d593a971e,,
Texas,Monica De La Cruz (R-15),"701 North International Boulevard, Suite 101",Weslaco,Texas,78596,e2a0-feda-44e2-4a2e-9f66-1c409657,d50ecbb2-6384-4cad-a7f8-ae0d593a971e,,
Texas,Veronica Escobar (D-16),"221 North Kansas Street, Suite 1500",El Paso,Texas,79901,9e8d-9b7e-05ea-4c4e-86891e205426,d50ecbb2-6384-4cad-a7f8-ae0d593a971e,,
Texas,Pete Sessions (R-17),"400 Austin Avenue, Suite 302",Waco,Texas,76701,4fbd-f0c8-6c92-4a7e-b13e21357e33,d50ecbb2-6384-4cad-a7f8-ae0d593a971e,,
Texas,Sylvester Turner (D-18),"4300 Lyons Avenue, Suite 100",Houston,Texas,77020,6f9a-4e8e-9b7e-879e-8c6f-adb9a8b1,d50ecbb2-6384-4cad-a7f8-ae0d593a971e  # Replaced Jackson Lee,sworn in Jan 3,2025
Texas,Jodey Arrington (R-19),"500 Chestnut Street, Suite 819",Abilene,Texas,79602,44e2-4a2e-9f66-1c40-96574f59e2a0,d50ecbb2-6384-4cad-a7f8-ae0d593a971e,,
Texas,Joaquin Castro (D-20),"727 East César E. Chávez Boulevard, Suite B-128",San Antonio,Texas,78206,05ea-4c4e-8689-1e20-5426c8199e8d,d50ecbb2-6384-4cad-a7f8-ae0d593a971e,,
Texas,Chip Roy (R-21),"5900 Southwest Parkway, Building 2, Suite 201",Austin,Texas,78735,6c92-4a7e-b13e-2135-7e33e6894fbd,d50ecbb2-6384-4cad-a7f8-ae0d593a971e,,
Texas,Troy Nehls (R-22),"12929 Gulf Freeway, Suite 102",Houston,Texas,77034,879e-8c6f-adb9-a8b1-feda6f9a4e8e,d50ecbb2-6384-4cad-a7f8-ae0d593a971e,,
Texas,Tony Gonzales (R-23),104 Hume Avenue,Uvalde,Texas,78801,1c40-9657-4f59-e2a0-feda44e24a2e,d50ecbb2-6384-4cad-a7f8-ae0d593a971e,,
Texas,Beth Van Duyne (R-24),"1005 Long Prairie Road, Suite 200",Flower Mound,Texas,75022,8689-1e20-5426-c819-9e8d9b7e05ea,d50ecbb2-6384-4cad-a7f8-ae0d593a971e,,
Texas,Roger Williams (R-25),"115 South Main Street, Suite 206",Cleburne,Texas,76033,b13e-2135-7e33-e689-4fbdf0c86c92,d50ecbb2-6384-4cad-a7f8-ae0d593a971e,,
Texas,Michael Burgess (R-26),"2000 South Stemmons Freeway, Suite 200",Lake Dallas,Texas,75065,adb9-a8b1-feda-6f9a-4e8e9b7e879e,d50ecbb2-6384-4cad-a7f8-ae0d593a971e,,
Texas,Michael Cloud (R-27),"5606 North Navarro Street, Suite 203",Victoria,Texas,77904,4f59-e2a0-feda-44e2-4a2e9f661c40,d50ecbb2-6384-4cad-a7f8-ae0d593a971e,,
Texas,Henry Cuellar (D-28),"602 East Calton Road, Suite 2",Laredo,Texas,78041,5426-c819-9e8d-9b7e-05ea4c4e8689,d50ecbb2-6384-4cad-a7f8-ae0d593a971e,,
Texas,Sylvia Garcia (D-29),"11811 East Freeway, Suite 430",Houston,Texas,77029,e689-4fbd-f0c8-6c92-4a7eb13e2135,d50ecbb2-6384-4cad-a7f8-ae0d593a971e,,
Texas,Jasmine Crockett (D-30),"1730 River Oaks Drive, Suite 110",Dallas,Texas,75224,feda-6f9a-4e8e-9b7e-879e8c6fadb9,d50ecbb2-6384-4cad-a7f8-ae0d593a971e,,
Texas,John Carter (R-31),"1717 North IH-35, Suite 303",Round Rock,Texas,78664,e2a0-feda-44e2-4a2e-9f66-1c409657,d50ecbb2-6384-4cad-a7f8-ae0d593a971e,,
Texas,Colin Allred (D-32),"10210 North Central Expressway, Suite 230",Dallas,Texas,75231,9e8d-9b7e-05ea-4c4e-86891e205426,d50ecbb2-6384-4cad-a7f8-ae0d593a971e,,
Texas,Marc Veasey (D-33),"1881 Sylvan Avenue, Suite 108",Dallas,Texas,75208,4fbd-f0c8-6c92-4a7e-b13e21357e33,d50ecbb2-6384-4cad-a7f8-ae0d593a971e,,
Texas,Vicente Gonzalez (D-34),1425 South 10th Street,McAllen,Texas,78501,6f9a-4e8e-9b7e-879e-8c6f-adb9a8b1,d50ecbb2-6384-4cad-a7f8-ae0d593a971e,,
Texas,Greg Casar (D-35),"1020 East Anderson Lane, Suite 100",Austin,Texas,78752,44e2-4a2e-9f66-1c40-96574f59e2a0,d50ecbb2-6384-4cad-a7f8-ae0d593a971e,,
Texas,Brian Babin (R-36),"203 Ivy Avenue, Suite 101",Deer Park,Texas,77536,05ea-4c4e-8689-1e20-5426c8199e8d,d50ecbb2-6384-4cad-a7f8-ae0d593a971e,,
Texas,Lloyd Doggett (D-37),"2300 West Commerce Street, Suite 202",San Antonio,Texas,78207,6c92-4a7e-b13e-2135-7e33e6894fbd,d50ecbb2-6384-4cad-a7f8-ae0d593a971e,,
Texas,Wesley Hunt (R-38),"5599 San Felipe Street, Suite 900",Houston,Texas,77056,879e-8c6f-adb9-a8b1-feda6f9a4e8e,d50ecbb2-6384-4cad-a7f8-ae0d593a971e,,
Utah,Blake Moore (R-1),"324 25th Street, Suite 1017",Ogden,Utah,84401,1c40-9657-4f59-e2a0-feda44e24a2e,d50ecbb2-6384-4cad-a7f8-ae0d593a971e,,
Utah,Celeste Maloy (R-2),"765 North Main Street, Suite 130",Cedar City,Utah,84721,8689-1e20-5426-c819-9e8d9b7e05ea,d50ecbb2-6384-4cad-a7f8-ae0d593a971e,,
Utah,Vacant (R-3) [John Curtis Resigned - Senator],"125 South State Street, Suite 5420",Salt Lake City,Utah,84138,b13e-2135-7e33-e689-4fbdf0c86c92,d50ecbb2-6384-4cad-a7f8-ae0d593a971e  # Curtis resigned Nov 2024; no replacement yet,,
Utah,Burgess Owens (R-4),"9067 South 1300 West, Suite 101",West Jordan,Utah,84088,adb9-a8b1-feda-6f9a-4e8e9b7e879e,d50ecbb2-6384-4cad-a7f8-ae0d593a971e,,
Vermont,Becca Balint (D-AL),"128 Lakeside Avenue, Suite 235",Burlington,Vermont,5401,4f59-e2a0-feda-44e2-4a2e9f661c40,d50ecbb2-6384-4cad-a7f8-ae0d593a971e,,
Virginia,Rob Wittman (R-1),508 Church Lane,Tappahannock,Virginia,22560,5426-c819-9e8d-9b7e-05ea4c4e8689,d50ecbb2-6384-4cad-a7f8-ae0d593a971e,,
Virginia,Jen Kiggans (R-2),"283 Constitution Drive, Suite 105",Virginia Beach,Virginia,23462,e689-4fbd-f0c8-6c92-4a7eb13e2135,d50ecbb2-6384-4cad-a7f8-ae0d593a971e,,
Virginia,Bobby Scott (D-3),"2600 Washington Avenue, Suite 1010",Newport News,Virginia,23607,feda-6f9a-4e8e-9b7e-879e8c6fadb9,d50ecbb2-6384-4cad-a7f8-ae0d593a971e,,
Virginia,Jennifer McClellan (D-4),"110 North Robinson Street, Suite 403",Richmond,Virginia,23220,e2a0-feda-44e2-4a2e-9f66-1c409657,d50ecbb2-6384-4cad-a7f8-ae0d593a971e,,
Virginia,Bob Good (R-5),"916 Main Street, Suite 300",Lynchburg,Virginia,24504,9e8d-9b7e-05ea-4c4e-86891e205426,d50ecbb2-6384-4cad-a7f8-ae0d593a971e,,
Virginia,Ben Cline (R-6),117 South Lewis Street,Staunton,Virginia,24401,4fbd-f0c8-6c92-4a7e-b13e21357e33,d50ecbb2-6384-4cad-a7f8-ae0d593a971e,,
Virginia,Abigail Spanberger (D-7),"4201 Dominion Boulevard, Suite 110",Glen Allen,Virginia,23060,6f9a-4e8e-9b7e-879e-8c6f-adb9a8b1,d50ecbb2-6384-4cad-a7f8-ae0d593a971e,,
Virginia,Don Beyer (D-8),"5285 Shawnee Road, Suite 250",Alexandria,Virginia,22312,44e2-4a2e-9f66-1c40-96574f59e2a0,d50ecbb2-6384-4cad-a7f8-ae0d593a971e,,
Virginia,Morgan Griffith (R-9),17 West Main Street,Christiansburg,Virginia,24073,05ea-4c4e-8689-1e20-5426c8199e8d,d50ecbb2-6384-4cad-a7f8-ae0d593a971e,,
Virginia,Jennifer Wexton (D-10),"21430 Cedar Drive, Suite 218",Sterling,Virginia,20164,6c92-4a7e-b13e-2135-7e33e6894fbd,d50ecbb2-6384-4cad-a7f8-ae0d593a971e,,
Virginia,Gerry Connolly (D-11),"10680 Main Street, Suite 140",Fairfax,Virginia,22030,879e-8c6f-adb9-a8b1-feda6f9a4e8e,d50ecbb2-6384-4cad-a7f8-ae0d593a971e,,
U.S. Virgin Islands,Stacey Plaskett (D-AL),60 King Street,"Frederiksted, St. Croix",U.S. Virgin Islands,840,1c40-9657-4f59-e2a0-feda44e24a2e,d50ecbb2-6384-4cad-a7f8-ae0d593a971e,,
Washington,Suzan DelBene (D-1),204 West Montgomery Street,Mount Vernon,Washington,98273,8689-1e20-5426-c819-9e8d9b7e05ea,d50ecbb2-6384-4cad-a7f8-ae0d593a971e,,
Washington,Rick Larsen (D-2),"2930 Wetmore Avenue, Suite 9F",Everett,Washington,98201,b13e-2135-7e33-e689-4fbdf0c86c92,d50ecbb2-6384-4cad-a7f8-ae0d593a971e,,
Washington,Marie Gluesenkamp Perez (D-3),1053 Officers Row,Vancouver,Washington,98661,adb9-a8b1-feda-6f9a-4e8e9b7e879e,d50ecbb2-6384-4cad-a7f8-ae0d593a971e,,
Washington,Dan Newhouse (R-4),"402 East Yakima Avenue, Suite 1000",Yakima,Washington,98901,4f59-e2a0-feda-44e2-4a2e9f661c40,d50ecbb2-6384-4cad-a7f8-ae0d593a971e,,
Washington,Cathy McMorris Rodgers (R-5),"10 North Post Street, Suite 625",Spokane,Washington,99201,5426-c819-9e8d-9b7e-05ea4c4e8689,d50ecbb2-6384-4cad-a7f8-ae0d593a971e,,
Washington,Derek Kilmer (D-6),"950 Pacific Avenue, Suite 1230",Tacoma,Washington,98402,e689-4fbd-f0c8-6c92-4a7eb13e2135,d50ecbb2-6384-4cad-a7f8-ae0d593a971e,,
Washington,Pramila Jayapal (D-7),"1904 3rd Avenue, Suite 510",Seattle,Washington,98101,feda-6f9a-4e8e-9b7e-879e8c6fadb9,d50ecbb2-6384-4cad-a7f8-ae0d593a971e,,
Washington,Kim Schrier (D-8),1123 East Westview Court,Spokane,Washington,99218,e2a0-feda-44e2-4a2e-9f66-1c409657,d50ecbb2-6384-4cad-a7f8-ae0d593a971e,,
Washington,Adam Smith (D-9),"101 Evergreen Building, 15 South Grady Way",Renton,Washington,98057,9e8d-9b7e-05ea-4c4e-86891e205426,d50ecbb2-6384-4cad-a7f8-ae0d593a971e,,
Washington,Marilyn Strickland (D-10),"6000 Main Street SW, Suite D-2",Lakewood,Washington,98499,4fbd-f0c8-6c92-4a7e-b13e21357e33,d50ecbb2-6384-4cad-a7f8-ae0d593a971e,,
West Virginia,Carol Miller (R-1),"900 Pennsylvania Avenue, Suite 101",Charleston,West Virginia,25302,6f9a-4e8e-9b7e-879e-8c6f-adb9a8b1,d50ecbb2-6384-4cad-a7f8-ae0d593a971e,,
West Virginia,Alex Mooney (R-2),"405 Capitol Street, Suite 306",Charleston,West Virginia,25301,44e2-4a2e-9f66-1c40-96574f59e2a0,d50ecbb2-6384-4cad-a7f8-ae0d593a971e,,
Wisconsin,Bryan Steil (R-1),"20 South Main Street, Suite 10",Janesville,Wisconsin,53545,05ea-4c4e-8689-1e20-5426c8199e8d,d50ecbb2-6384-4cad-a7f8-ae0d593a971e,,
Wisconsin,Mark Pocan (D-2),"10 East Doty Street, Suite 405",Madison,Wisconsin,53703,6c92-4a7e-b13e-2135-7e33e6894fbd,d50ecbb2-6384-4cad-a7f8-ae0d593a971e,,
Wisconsin,Derrick Van Orden (R-3),"210 5th Avenue South, Suite 107",La Crosse,Wisconsin,54601,879e-8c6f-adb9-a8b1-feda6f9a4e8e,d50ecbb2-6384-4cad-a7f8-ae0d593a971e  # Replaced Kind,sworn in Jan 3,2023
Wisconsin,Gwen Moore (D-4),"316 North Milwaukee Street, Suite 406",Milwaukee,Wisconsin,53202,1c40-9657-4f59-e2a0-feda44e24a2e,d50ecbb2-6384-4cad-a7f8-ae0d593a971e,,
Wisconsin,Scott Fitzgerald (R-5),"120 Bishops Way, Suite 154",Brookfield,Wisconsin,53005,8689-1e20-5426-c819-9e8d9b7e05ea,d50ecbb2-6384-4cad-a7f8-ae0d593a971e,,
Wisconsin,Glenn Grothman (R-6),24 West Pioneer Road,Fond du Lac,Wisconsin,54935,b13e-2135-7e33-e689-4fbdf0c86c92,d50ecbb2-6384-4cad-a7f8-ae0d593a971e,,
Wisconsin,Tom Tiffany (R-7),"2620 Stewart Avenue, Suite 312",Wausau,Wisconsin,54401,adb9-a8b1-feda-6f9a-4e8e9b7e879e,d50ecbb2-6384-4cad-a7f8-ae0d593a971e,,
Wisconsin,Tony Wied (R-8),"711 West Moreland Boulevard, Suite 204",Waukesha,Wisconsin,53188,4f59-e2a0-feda-44e2-4a2e9f661c40,d50ecbb2-6384-4cad-a7f8-ae0d593a971e  # Replaced Gallagher,sworn in Jan 3,2025
Wyoming,Harriet Hageman (R-AL),"2120 Capitol Avenue, Suite 8005",Cheyenne,Wyoming,82001,5426-c819-9e8d-9b7e-05ea4c4e8689,d50ecbb2-6384-4cad-a7f8-ae0d593a971e,,
,,,,,,,,,
,,,,,,,,,
,,,,,,,,,
,,,,,,,,,
,,,,,,,,,
,,,,,,,,,
,,,,,,,,,
,,,,,,,,,
,,,,,,,,,
,,,,,,,,,
,,,,,,,,,
,,,,,,,,,
,,,,,,,,,
,,,,,,,,,
,,,,,,,,,
,,,,,,,,,
,,,,,,,,,
,,,,,,,,,
,,,,,,,,,
,,,,,,,,,
,,,,,,,,,
,,,,,,,,,
,,,,,,,,,
,,,,,,,,,
,,,,,,,,,
,,,,,,,,,
,,,,,,,,,
,,,,,,,,,
,,,,,,,,,
,,,,,,,,,
,,,,,,,,,
,,,,,,,,,
,,,,,,,,,
,,,,,,,,,
,,,,,,,,,
,,,,,,,,,
,,,,,,,,,
,,,,,,,,,
,,,,,,,,,
,,,,,,,,,
,,,,,,,,,
,,,,,,,,,
,,,,,,,,,
,,,,,,,,,
,,,,,,,,,
,,,,,,,,,
,,,,,,,,,
,,,,,,,,,
,,,,,,,,,
,,,,,,,,,
,,,,,,,,,
,,,,,,,,,
,,,,,,,,,
,,,,,,,,,
,,,,,,,,,
,,,,,,,,,
,,,,,,,,,
,,,,,,,,,
,,,,,,,,,
,,,,,,,,,
,,,,,,,,,
,,,,,,,,,
,,,,,,,,,
,,,,,,,,,
,,,,,,,,,
,,,,,,,,,
,,,,,,,,,
,,,,,,,,,
,,,,,,,,,
,,,,,,,,,
,,,,,,,,,
,,,,,,,,,
,,,,,,,,,
,,,,,,,,,
,,,,,,,,,
,,,,,,,,,
,,,,,,,,,
,,,,,,,,,
,,,,,,,,,
,,,,,,,,,
,,,,,,,,,
,,,,,,,,,
,,,,,,,,,
,,,,,,,,,
,,,,,,,,,
,,,,,,,,,
,,,,,,,,,
,,,,,,,,,
,,,,,,,,,
,,,,,,,,,
,,,,,,,,,
,,,,,,,,,
,,,,,,,,,
,,,,,,,,,
,,,,,,,,,
,,,,,,,,,
,,,,,,,,,
,,,,,,,,,
,,,,,,,,,
,,,,,,,,,
,,,,,,,,,
,,,,,,,,,
,,,,,,,,,
,,,,,,,,,
,,,,,,,,,
,,,,,,,,,
,,,,,,,,,
,,,,,,,,,
,,,,,,,,,
,,,,,,,,,
,,,,,,,,,
,,,,,,,,,
,,,,,,,,,
,,,,,,,,,
,,,,,,,,,
,,,,,,,,,
,,,,,,,,,
,,,,,,,,,
,,,,,,,,,
,,,,,,,,,
,,,,,,,,,
,,,,,,,,,
,,,,,,,,,
,,,,,,,,,
,,,,,,,,,
,,,,,,,,,
,,,,,,,,,
,,,,,,,,,
,,,,,,,,,
,,,,,,,,,
,,,,,,,,,
,,,,,,,,,
,,,,,,,,,
,,,,,,,,,
,,,,,,,,,
,,,,,,,,,
,,,,,,,,,
,,,,,,,,,
,,,,,,,,,
,,,,,,,,,
,,,,,,,,,
,,,,,,,,,
,,,,,,,,,
,,,,,,,,,
,,,,,,,,,
,,,,,,,,,
,,,,,,,,,
,,,,,,,,,
,,,,,,,,,
,,,,,,,,,
,,,,,,,,,
,,,,,,,,,
,,,,,,,,,
,,,,,,,,,
,,,,,,,,,
,,,,,,,,,
,,,,,,,,,
,,,,,,,,,
,,,,,,,,,
,,,,,,,,,
,,,,,,,,,
,,,,,,,,,
,,,,,,,,,
,,,,,,,,,
,,,,,,,,,
,,,,,,,,,
,,,,,,,,,
,,,,,,,,,
,,,,,,,,,
,,,,,,,,,
,,,,,,,,,
,,,,,,,,,
,,,,,,,,,
,,,,,,,,,
,,,,,,,,,
,,,,,,,,,
,,,,,,,,,
,,,,,,,,,
,,,,,,,,,
,,,,,,,,,
,,,,,,,,,
,,,,,,,,,
,,,,,,,,,
,,,,,,,,,
,,,,,,,,,
,,,,,,,,,
,,,,,,,,,
,,,,,,,,,
,,,,,,,,,
,,,,,,,,,
,,,,,,,,,
,,,,,,,,,
,,,,,,,,,
,,,,,,,,,
,,,,,,,,,
,,,,,,,,,
,,,,,,,,,
,,,,,,,,,
,,,,,,,,,
,,,,,,,,,
,,,,,,,,,
,,,,,,,,,
,,,,,,,,,
,,,,,,,,,
,,,,,,,,,
,,,,,,,,,
,,,,,,,,,
,,,,,,,,,
,,,,,,,,,
,,,,,,,,,
,,,,,,,,,
,,,,,,,,,
,,,,,,,,,
,,,,,,,,,
,,,,,,,,,
,,,,,,,,,
,,,,,,,,,
,,,,,,,,,
,,,,,,,,,
,,,,,,,,,
,,,,,,,,,
,,,,,,,,,
,,,,,,,,,
,,,,,,,,,
,,,,,,,,,
,,,,,,,,,
,,,,,,,,,
,,,,,,,,,
,,,,,,,,,
,,,,,,,,,
,,,,,,,,,
,,,,,,,,,
,,,,,,,,,
,,,,,,,,,
,,,,,,,,,
,,,,,,,,,
,,,,,,,,,
,,,,,,,,,
,,,,,,,,,
,,,,,,,,,
,,,,,,,,,
,,,,,,,,,
,,,,,,,,,
,,,,,,,,,
,,,,,,,,,
,,,,,,,,,
,,,,,,,,,
,,,,,,,,,
,,,,,,,,,
,,,,,,,,,
,,,,,,,,,
,,,,,,,,,
,,,,,,,,,
,,,,,,,,,
,,,,,,,,,
,,,,,,,,,
,,,,,,,,,
,,,,,,,,,
,,,,,,,,,
,,,,,,,,,
,,,,,,,,,
,,,,,,,,,
,,,,,,,,,
,,,,,,,,,
,,,,,,,,,
,,,,,,,,,
,,,,,,,,,
,,,,,,,,,
,,,,,,,,,
,,,,,,,,,
,,,,,,,,,
,,,,,,,,,
,,,,,,,,,
,,,,,,,,,
,,,,,,,,,
,,,,,,,,,
,,,,,,,,,
,,,,,,,,,
,,,,,,,,,
,,,,,,,,,
,,,,,,,,,
,,,,,,,,,
,,,,,,,,,
,,,,,,,,,
,,,,,,,,,
,,,,,,,,,
,,,,,,,,,
,,,,,,,,,
,,,,,,,,,
,,,,,,,,,
,,,,,,,,,
,,,,,,,,,
,,,,,,,,,
,,,,,,,,,
,,,,,,,,,
,,,,,,,,,
,,,,,,,,,
,,,,,,,,,
,,,,,,,,,
,,,,,,,,,
,,,,,,,,,
,,,,,,,,,
,,,,,,,,,
,,,,,,,,,
,,,,,,,,,
,,,,,,,,,
,,,,,,,,,
,,,,,,,,,
,,,,,,,,,
,,,,,,,,,
,,,,,,,,,
,,,,,,,,,
,,,,,,,,,
,,,,,,,,,
,,,,,,,,,
,,,,,,,,,
,,,,,,,,,
,,,,,,,,,
,,,,,,,,,
,,,,,,,,,
,,,,,,,,,
,,,,,,,,,
,,,,,,,,,
,,,,,,,,,
,,,,,,,,,
,,,,,,,,,
,,,,,,,,,
,,,,,,,,,
,,,,,,,,,
,,,,,,,,,
,,,,,,,,,
,,,,,,,,,
,,,,,,,,,
,,,,,,,,,
,,,,,,,,,
,,,,,,,,,
,,,,,,,,,
,,,,,,,,,
,,,,,,,,,
,,,,,,,,,
,,,,,,,,,
,,,,,,,,,
,,,,,,,,,
,,,,,,,,,
,,,,,,,,,
,,,,,,,,,
,,,,,,,,,
,,,,,,,,,
,,,,,,,,,
,,,,,,,,,
,,,,,,,,,
,,,,,,,,,
,,,,,,,,,
,,,,,,,,,
,,,,,,,,,
,,,,,,,,,
,,,,,,,,,
,,,,,,,,,
,,,,,,,,,
,,,,,,,,,
,,,,,,,,,
,,,,,,,,,
,,,,,,,,,
,,,,,,,,,
,,,,,,,,,
,,,,,,,,,
,,,,,,,,,
,,,,,,,,,
,,,,,,,,,
,,,,,,,,,
,,,,,,,,,
,,,,,,,,,
,,,,,,,,,
,,,,,,,,,
,,,,,,,,,
,,,,,,,,,
,,,,,,,,,
,,,,,,,,,
,,,,,,,,,
,,,,,,,,,
,,,,,,,,,
,,,,,,,,,
,,,,,,,,,
,,,,,,,,,
,,,,,,,,,
,,,,,,,,,
,,,,,,,,,
,,,,,,,,,
,,,,,,,,,
,,,,,,,,,
,,,,,,,,,
,,,,,,,,,
,,,,,,,,,
,,,,,,,,,
,,,,,,,,,
,,,,,,,,,
,,,,,,,,,
,,,,,,,,,
,,,,,,,,,
,,,,,,,,,
,,,,,,,,,
,,,,,,,,,
,,,,,,,,,
,,,,,,,,,
,,,,,,,,,
,,,,,,,,,
,,,,,,,,,
,,,,,,,,,
,,,,,,,,,
,,,,,,,,,
,,,,,,,,,
,,,,,,,,,
,,,,,,,,,
,,,,,,,,,
,,,,,,,,,
,,,,,,,,,
,,,,,,,,,
,,,,,,,,,
,,,,,,,,,
,,,,,,,,,
,,,,,,,,,
,,,,,,,,,
,,,,,,,,,
,,,,,,,,,
,,,,,,,,,
,,,,,,,,,
,,,,,,,,,
,,,,,,,,,
,,,,,,,,,
,,,,,,,,,
,,,,,,,,,
,,,,,,,,,
,,,,,,,,,
,,,,,,,,,
,,,,,,,,,
,,,,,,,,,
,,,,,,,,,
,,,,,,,,,
,,,,,,,,,
,,,,,,,,,
,,,,,,,,,
,,,,,,,,,
,,,,,,,,,
,,,,,,,,,
,,,,,,,,,
,,,,,,,,,
,,,,,,,,,
,,,,,,,,,
,,,,,,,,,
,,,,,,,,,
,,,,,,,,,
,,,,,,,,,
,,,,,,,,,
,,,,,,,,,
,,,,,,,,,
,,,,,,,,,
,,,,,,,,,
,,,,,,,,,
,,,,,,,,,
,,,,,,,,,
,,,,,,,,,
,,,,,,,,,
,,,,,,,,,
,,,,,,,,,
,,,,,,,,,
,,,,,,,,,
,,,,,,,,,
,,,,,,,,,
,,,,,,,,,
,,,,,,,,,
,,,,,,,,,
,,,,,,,,,
,,,,,,,,,
,,,,,,,,,
,,,,,,,,,
,,,,,,,,,
,,,,,,,,,
,,,,,,,,,
,,,,,,,,,
,,,,,,,,,
,,,,,,,,,
,,,,,,,,,
,,,,,,,,,
,,,,,,,,,
,,,,,,,,,
,,,,,,,,,
,,,,,,,,,
,,,,,,,,,
,,,,,,,,,
,,,,,,,,,
,,,,,,,,,
,,,,,,,,,
,,,,,,,,,
,,,,,,,,,
,,,,,,,,,
,,,,,,,,,
,,,,,,,,,
,,,,,,,,,
,,,,,,,,,
,,,,,,,,,
,,,,,,,,,
,,,,,,,,,
,,,,,,,,,
,,,,,,,,,
,,,,,,,,,
,,,,,,,,,
,,,,,,,,,
,,,,,,,,,
,,,,,,,,,
,,,,,,,,,
,,,,,,,,,
,,,,,,,,,
,,,,,,,,,
,,,,,,,,,
,,,,,,,,,
,,,,,,,,,
,,,,,,,,,
,,,,,,,,,
,,,,,,,,,
,,,,,,,,,
,,,,,,,,,
,,,,,,,,,
,,,,,,,,,
,,,,,,,,,
,,,,,,,,,
,,,,,,,,,
,,,,,,,,,
,,,,,,,,,
,,,,,,,,,
,,,,,,,,,
,,,,,,,,,
,,,,,,,,,
,,,,,,,,,
,,,,,,,,,
,,,,,,,,,
,,,,,,,,,
,,,,,,,,,
,,,,,,,,,
,,,,,,,,,
,,,,,,,,,
,,,,,,,,,
,,,,,,,,,
,,,,,,,,,
,,,,,,,,,
,,,,,,,,,
,,,,,,,,,
,,,,,,,,,
,,,,,,,,,
,,,,,,,,,
,,,,,,,,,
,,,,,,,,,
,,,,,,,,,
,,,,,,,,,
,,,,,,,,,
,,,,,,,,,
,,,,,,,,,
,,,,,,,,,
,,,,,,,,,
,,,,,,,,,
,,,,,,,,,
,,,,,,,,,
,,,,,,,,,
,,,,,,,,,
,,,,,,,,,
,,,,,,,,,
,,,,,,,,,
,,,,,,,,,
,,,,,,,,,
,,,,,,,,,
,,,,,,,,,
,,,,,,,,,
,,,,,,,,,
,,,,,,,,,
,,,,,,,,,
,,,,,,,,,
,,,,,,,,,
,,,,,,,,,
,,,,,,,,,
,,,,,,,,,
,,,,,,,,,
,,,,,,,,,
,,,,,,,,,
,,,,,,,,,
,,,,,,,,,
,,,,,,,,,
,,,,,,,,,
,,,,,,,,,
,,,,,,,,,
,,,,,,,,,
,,,,,,,,,
,,,,,,,,,
,,,,,,,,,
,,,,,,,,,
,,,,,,,,,
,,,,,,,,,
,,,,,,,,,
,,,,,,,,,
,,,,,,,,,
,,,,,,,,,
,,,,,,,,,
,,,,,,,,,
,,,,,,,,,
,,,,,,,,,
,,,,,,,,,
,,,,,,,,,
,,,,,,,,,
,,,,,,,,,
,,,,,,,,,
,,,,,,,,,
,,,,,,,,,
,,,,,,,,,
,,,,,,,,,
,,,,,,,,,
,,,,,,,,,
,,,,,,,,,
,,,,,,,,,
,,,,,,,,,
,,,,,,,,,
,,,,,,,,,
,,,,,,,,,
,,,,,,,,,
,,,,,,,,,
,,,,,,,,,
,,,,,,,,,
,,,,,,,,,
,,,,,,,,,
,,,,,,,,,
,,,,,,,,,
,,,,,,,,,
,,,,,,,,,
,,,,,,,,,
,,,,,,,,,
,,,,,,,,,
,,,,,,,,,
,,,,,,,,,
,,,,,,,,,
,,,,,,,,,
,,,,,,,,,
,,,,,,,,,
,,,,,,,,,
,,,,,,,,,
,,,,,,,,,
,,,,,,,,,
,,,,,,,,,
,,,,,,,,,
,,,,,,,,,
,,,,,,,,,
,,,,,,,,,
,,,,,,,,,
,,,,,,,,,
,,,,,,,,,
,,,,,,,,,
,,,,,,,,,
,,,,,,,,,
,,,,,,,,,
,,,,,,,,,
,,,,,,,,,
,,,,,,,,,
,,,,,,,,,
,,,,,,,,,
,,,,,,,,,
,,,,,,,,,
,,,,,,,,,
,,,,,,,,,
,,,,,,,,,
,,,,,,,,,
,,,,,,,,,
,,,,,,,,,
,,,,,,,,,
,,,,,,,,,
,,,,,,,,,
,,,,,,,,,
,,,,,,,,,
,,,,,,,,,
,,,,,,,,,
,,,,,,,,,
,,,,,,,,,
,,,,,,,,,
,,,,,,,,,
,,,,,,,,,
,,,,,,,,,
,,,,,,,,,
,,,,,,,,,
,,,,,,,,,
,,,,,,,,,
,,,,,,,,,
,,,,,,,,,
,,,,,,,,,
,,,,,,,,,
,,,,,,,,,
,,,,,,,,,
,,,,,,,,,
,,,,,,,,,
,,,,,,,,,
,,,,,,,,,
,,,,,,,,,
,,,,,,,,,
,,,,,,,,,
,,,,,,,,,
,,,,,,,,,
,,,,,,,,,
,,,,,,,,,
,,,,,,,,,
,,,,,,,,,
,,,,,,,,,
,,,,,,,,,
,,,,,,,,,
,,,,,,,,,
,,,,,,,,,
,,,,,,,,,
,,,,,,,,,
,,,,,,,,,
,,,,,,,,,
,,,,,,,,,
,,,,,,,,,
,,,,,,,,,
,,,,,,,,,
,,,,,,,,,
,,,,,,,,,
,,,,,,,,,
,,,,,,,,,
,,,,,,,,,
,,,,,,,,,
,,,,,,,,,
,,,,,,,,,
,,,,,,,,,
,,,,,,,,,
,,,,,,,,,
,,,,,,,,,
,,,,,,,,,
,,,,,,,,,
,,,,,,,,,
,,,,,,,,,
,,,,,,,,,
,,,,,,,,,
,,,,,,,,,
,,,,,,,,,
,,,,,,,,,
,,,,,,,,,
,,,,,,,,,
,,,,,,,,,
,,,,,,,,,
,,,,,,,,,
,,,,,,,,,
,,,,,,,,,
,,,,,,,,,
,,,,,,,,,
,,,,,,,,,
,,,,,,,,,
,,,,,,,,,
,,,,,,,,,
,,,,,,,,,
,,,,,,,,,
,,,,,,,,,
,,,,,,,,,
,,,,,,,,,
,,,,,,,,,
,,,,,,,,,
,,,,,,,,,
,,,,,,,,,
,,,,,,,,,
,,,,,,,,,
,,,,,,,,,
,,,,,,,,,
,,,,,,,,,
,,,,,,,,,
,,,,,,,,,
,,,,,,,,,
,,,,,,,,,
,,,,,,,,,
,,,,,,,,,
,,,,,,,,,
,,,,,,,,,
,,,,,,,,,
,,,,,,,,,
,,,,,,,,,
,,,,,,,,,
,,,,,,,,,
,,,,,,,,,
,,,,,,,,,
,,,,,,,,,
,,,,,,,,,
,,,,,,,,,
,,,,,,,,,
,,,,,,,,,
,,,,,,,,,
,,,,,,,,,
,,,,,,,,,
,,,,,,,,,
,,,,,,,,,
,,,,,,,,,
,,,,,,,,,
,,,,,,,,,
,,,,,,,,,
,,,,,,,,,
,,,,,,,,,
,,,,,,,,,
,,,,,,,,,
,,,,,,,,,
,,,,,,,,,
,,,,,,,,,
,,,,,,,,,
,,,,,,,,,
,,,,,,,,,
,,,,,,,,,
,,,,,,,,,
,,,,,,,,,
,,,,,,,,,
,,,,,,,,,
,,,,,,,,,
,,,,,,,,,
,,,,,,,,,
,,,,,,,,,
,,,,,,,,,
,,,,,,,,,
,,,,,,,,,
,,,,,,,,,
,,,,,,,,,
,,,,,,,,,
,,,,,,,,,
,,,,,,,,,
,,,,,,,,,
,,,,,,,,,
,,,,,,,,,
,,,,,,,,,
,,,,,,,,,
,,,,,,,,,
,,,,,,,,,
,,,,,,,,,
,,,,,,,,,
,,,,,,,,,
,,,,,,,,,
,,,,,,,,,
,,,,,,,,,
,,,,,,,,,
,,,,,,,,,
,,,,,,,,,
,,,,,,,,,
,,,,,,,,,
,,,,,,,,,
,,,,,,,,,
,,,,,,,,,
,,,,,,,,,
,,,,,,,,,
,,,,,,,,,
,,,,,,,,,
,,,,,,,,,
,,,,,,,,,
,,,,,,,,,
,,,,,,,,,
,,,,,,,,,
,,,,,,,,,
,,,,,,,,,
,,,,,,,,,
,,,,,,,,,
,,,,,,,,,
,,,,,,,,,
,,,,,,,,,
,,,,,,,,,
,,,,,,,,,
,,,,,,,,,
,,,,,,,,,
,,,,,,,,,
,,,,,,,,,
,,,,,,,,,
,,,,,,,,,
,,,,,,,,,
,,,,,,,,,
,,,,,,,,,
,,,,,,,,,
,,,,,,,,,
,,,,,,,,,
,,,,,,,,,
,,,,,,,,,
,,,,,,,,,
,,,,,,,,,
,,,,,,,,,
,,,,,,,,,
,,,,,,,,,
,,,,,,,,,
,,,,,,,,,
,,,,,,,,,
,,,,,,,,,
,,,,,,,,,
,,,,,,,,,
,,,,,,,,,
,,,,,,,,,
,,,,,,,,,
,,,,,,,,,
,,,,,,,,,
,,,,,,,,,
,,,,,,,,,
,,,,,,,,,
,,,,,,,,,
,,,,,,,,,
,,,,,,,,,
,,,,,,,,,
,,,,,,,,,
,,,,,,,,,
,,,,,,,,,
,,,,,,,,,
,,,,,,,,,
,,,,,,,,,
,,,,,,,,,
,,,,,,,,,
,,,,,,,,,
,,,,,,,,,
,,,,,,,,,
,,,,,,,,,
,,,,,,,,,
,,,,,,,,,
,,,,,,,,,
,,,,,,,,,
,,,,,,,,,
,,,,,,,,,
,,,,,,,,,
,,,,,,,,,
,,,,,,,,,
,,,,,,,,,
,,,,,,,,,
,,,,,,,,,
,,,,,,,,,
,,,,,,,,,
,,,,,,,,,
,,,,,,,,,
,,,,,,,,,
,,,,,,,,,
,,,,,,,,,
,,,,,,,,,
,,,,,,,,,
,,,,,,,,,
,,,,,,,,,
,,,,,,,,,
,,,,,,,,,
,,,,,,,,,
,,,,,,,,,
,,,,,,,,,
,,,,,,,,,
,,,,,,,,,
,,,,,,,,,
,,,,,,,,,
,,,,,,,,,
,,,,,,,,,
,,,,,,,,,
,,,,,,,,,
,,,,,,,,,
,,,,,,,,,
,,,,,,,,,
,,,,,,,,,
,,,,,,,,,
,,,,,,,,,
,,,,,,,,,
,,,,,,,,,
,,,,,,,,,
,,,,,,,,,
,,,,,,,,,
,,,,,,,,,
,,,,,,,,,
,,,,,,,,,
,,,,,,,,,
,,,,,,,,,
,,,,,,,,,
,,,,,,,,,
,,,,,,,,,
,,,,,,,,,
,,,,,,,,,
,,,,,,,,,
,,,,,,,,,
,,,,,,,,,
,,,,,,,,,
,,,,,,,,,
,,,,,,,,,
,,,,,,,,,
,,,,,,,,,
,,,,,,,,,
,,,,,,,,,
,,,,,,,,,
,,,,,,,,,
,,,,,,,,,
,,,,,,,,,
,,,,,,,,,
,,,,,,,,,
,,,,,,,,,
,,,,,,,,,
,,,,,,,,,
,,,,,,,,,
,,,,,,,,,
,,,,,,,,,
,,,,,,,,,
,,,,,,,,,
,,,,,,,,,
,,,,,,,,,
,,,,,,,,,
,,,,,,,,,
,,,,,,,,,
,,,,,,,,,
,,,,,,,,,
,,,,,,,,,
,,,,,,,,,
,,,,,,,,,
,,,,,,,,,
,,,,,,,,,
,,,,,,,,,
,,,,,,,,,
,,,,,,,,,
,,,,,,,,,
,,,,,,,,,
,,,,,,,,,
,,,,,,,,,
,,,,,,,,,
,,,,,,,,,
,,,,,,,,,
,,,,,,,,,
,,,,,,,,,
,,,,,,,,,
,,,,,,,,,
,,,,,,,,,
,,,,,,,,,
,,,,,,,,,
,,,,,,,,,
,,,,,,,,,
,,,,,,,,,
,,,,,,,,,
,,,,,,,,,
,,,,,,,,,
,,,,,,,,,
,,,,,,,,,
,,,,,,,,,
,,,,,,,,,
,,,,,,,,,
,,,,,,,,,
,,,,,,,,,
,,,,,,,,,
,,,,,,,,,
,,,,,,,,,
,,,,,,,,,
,,,,,,,,,
,,,,,,,,,
,,,,,,,,,
,,,,,,,,,
,,,,,,,,,
,,,,,,,,,
,,,,,,,,,
,,,,,,,,,
,,,,,,,,,
,,,,,,,,,
,,,,,,,,,
,,,,,,,,,
,,,,,,,,,
,,,,,,,,,
,,,,,,,,,
,,,,,,,,,
,,,,,,,,,
,,,,,,,,,
,,,,,,,,,
,,,,,,,,,
,,,,,,,,,
,,,,,,,,,
,,,,,,,,,
,,,,,,,,,
,,,,,,,,,
,,,,,,,,,
,,,,,,,,,
,,,,,,,,,
,,,,,,,,,
,,,,,,,,,
,,,,,,,,,
,,,,,,,,,
,,,,,,,,,
,,,,,,,,,
,,,,,,,,,
,,,,,,,,,
,,,,,,,,,
,,,,,,,,,
,,,,,,,,,
,,,,,,,,,
,,,,,,,,,
,,,,,,,,,
,,,,,,,,,
,,,,,,,,,
,,,,,,,,,
,,,,,,,,,
,,,,,,,,,
,,,,,,,,,
,,,,,,,,,
,,,,,,,,,
,,,,,,,,,
,,,,,,,,,
,,,,,,,,,
,,,,,,,,,
,,,,,,,,,
,,,,,,,,,
,,,,,,,,,
,,,,,,,,,
,,,,,,,,,
,,,,,,,,,
,,,,,,,,,
,,,,,,,,,
,,,,,,,,,
,,,,,,,,,
,,,,,,,,,
,,,,,,,,,
,,,,,,,,,
,,,,,,,,,
,,,,,,,,,
,,,,,,,,,
,,,,,,,,,
,,,,,,,,,
,,,,,,,,,
,,,,,,,,,
,,,,,,,,,
,,,,,,,,,
,,,,,,,,,
,,,,,,,,,
,,,,,,,,,
,,,,,,,,,
,,,,,,,,,
,,,,,,,,,
,,,,,,,,,
,,,,,,,,,
,,,,,,,,,
,,,,,,,,,
,,,,,,,,,
,,,,,,,,,
,,,,,,,,,
,,,,,,,,,
,,,,,,,,,
,,,,,,,,,
,,,,,,,,,
,,,,,,,,,
,,,,,,,,,
,,,,,,,,,
,,,,,,,,,
,,,,,,,,,
,,,,,,,,,
,,,,,,,,,
,,,,,,,,,
,,,,,,,,,
,,,,,,,,,
,,,,,,,,,
,,,,,,,,,
,,,,,,,,,
,,,,,,,,,
,,,,,,,,,
,,,,,,,,,
,,,,,,,,,
,,,,,,,,,
,,,,,,,,,
,,,,,,,,,
,,,,,,,,,
,,,,,,,,,
,,,,,,,,,
,,,,,,,,,
,,,,,,,,,
,,,,,,,,,
,,,,,,,,,
,,,,,,,,,
,,,,,,,,,
,,,,,,,,,
,,,,,,,,,
,,,,,,,,,
,,,,,,,,,
,,,,,,,,,
,,,,,,,,,
,,,,,,,,,
,,,,,,,,,
,,,,,,,,,
,,,,,,,,,
,,,,,,,,,
,,,,,,,,,
,,,,,,,,,
,,,,,,,,,
,,,,,,,,,
,,,,,,,,,
,,,,,,,,,
,,,,,,,,,
,,,,,,,,,
,,,,,,,,,
,,,,,,,,,
,,,,,,,,,
,,,,,,,,,
,,,,,,,,,
,,,,,,,,,
,,,,,,,,,
,,,,,,,,,
,,,,,,,,,
,,,,,,,,,
,,,,,,,,,
,,,,,,,,,
,,,,,,,,,
,,,,,,,,,
,,,,,,,,,
,,,,,,,,,
,,,,,,,,,
,,,,,,,,,
,,,,,,,,,
,,,,,,,,,
,,,,,,,,,
,,,,,,,,,
,,,,,,,,,
,,,,,,,,,
,,,,,,,,,
,,,,,,,,,
,,,,,,,,,
,,,,,,,,,
,,,,,,,,,
,,,,,,,,,
,,,,,,,,,
,,,,,,,,,
,,,,,,,,,
,,,,,,,,,
,,,,,,,,,
,,,,,,,,,
,,,,,,,,,
,,,,,,,,,
,,,,,,,,,
,,,,,,,,,
,,,,,,,,,
,,,,,,,,,
,,,,,,,,,
,,,,,,,,,
,,,,,,,,,
,,,,,,,,,
,,,,,,,,,
,,,,,,,,,
,,,,,,,,,
,,,,,,,,,
,,,,,,,,,
,,,,,,,,,
,,,,,,,,,
,,,,,,,,,
,,,,,,,,,
,,,,,,,,,
,,,,,,,,,
,,,,,,,,,
,,,,,,,,,
,,,,,,,,,
,,,,,,,,,
,,,,,,,,,
,,,,,,,,,
,,,,,,,,,
,,,,,,,,,
,,,,,,,,,
,,,,,,,,,
,,,,,,,,,
,,,,,,,,,
,,,,,,,,,
,,,,,,,,,
,,,,,,,,,
,,,,,,,,,
,,,,,,,,,
,,,,,,,,,
,,,,,,,,,
,,,,,,,,,
,,,,,,,,,
,,,,,,,,,
,,,,,,,,,
,,,,,,,,,
,,,,,,,,,
,,,,,,,,,
,,,,,,,,,
,,,,,,,,,
,,,,,,,,,
,,,,,,,,,
,,,,,,,,,
,,,,,,,,,
,,,,,,,,,
,,,,,,,,,
,,,,,,,,,
,,,,,,,,,
,,,,,,,,,
,,,,,,,,,
,,,,,,,,,
,,,,,,,,,
,,,,,,,,,
,,,,,,,,,
,,,,,,,,,
,,,,,,,,,
,,,,,,,,,
,,,,,,,,,
,,,,,,,,,
,,,,,,,,,
,,,,,,,,,
,,,,,,,,,
,,,,,,,,,
,,,,,,,,,
,,,,,,,,,
,,,,,,,,,
,,,,,,,,,
,,,,,,,,,
,,,,,,,,,
,,,,,,,,,
,,,,,,,,,
,,,,,,,,,
,,,,,,,,,
,,,,,,,,,
,,,,,,,,,
,,,,,,,,,
,,,,,,,,,
,,,,,,,,,
,,,,,,,,,
,,,,,,,,,
,,,,,,,,,
,,,,,,,,,
,,,,,,,,,
,,,,,,,,,
,,,,,,,,,
,,,,,,,,,
,,,,,,,,,
,,,,,,,,,
,,,,,,,,,
,,,,,,,,,
,,,,,,,,,
,,,,,,,,,
,,,,,,,,,
,,,,,,,,,
,,,,,,,,,
,,,,,,,,,
,,,,,,,,,
,,,,,,,,,
,,,,,,,,,
,,,,,,,,,
,,,,,,,,,
,,,,,,,,,
,,,,,,,,,
,,,,,,,,,
,,,,,,,,,
,,,,,,,,,
,,,,,,,,,
,,,,,,,,,
,,,,,,,,,
,,,,,,,,,
,,,,,,,,,
,,,,,,,,,
,,,,,,,,,
,,,,,,,,,
,,,,,,,,,
,,,,,,,,,
,,,,,,,,,
,,,,,,,,,
,,,,,,,,,
,,,,,,,,,
,,,,,,,,,
,,,,,,,,,
,,,,,,,,,
,,,,,,,,,
,,,,,,,,,
,,,,,,,,,
,,,,,,,,,
,,,,,,,,,
,,,,,,,,,
,,,,,,,,,
,,,,,,,,,
,,,,,,,,,
,,,,,,,,,
,,,,,,,,,
,,,,,,,,,
,,,,,,,,,
,,,,,,,,,
,,,,,,,,,
,,,,,,,,,
,,,,,,,,,
,,,,,,,,,
,,,,,,,,,
,,,,,,,,,
,,,,,,,,,
,,,,,,,,,
,,,,,,,,,
,,,,,,,,,
,,,,,,,,,
,,,,,,,,,
,,,,,,,,,
,,,,,,,,,
,,,,,,,,,
,,,,,,,,,
,,,,,,,,,
,,,,,,,,,
,,,,,,,,,
,,,,,,,,,
,,,,,,,,,
,,,,,,,,,
,,,,,,,,,
,,,,,,,,,
,,,,,,,,,
,,,,,,,,,
,,,,,,,,,
,,,,,,,,,
,,,,,,,,,
,,,,,,,,,
,,,,,,,,,
,,,,,,,,,
,,,,,,,,,
,,,,,,,,,
,,,,,,,,,
,,,,,,,,,
,,,,,,,,,
,,,,,,,,,
,,,,,,,,,
,,,,,,,,,
,,,,,,,,,
,,,,,,,,,
,,,,,,,,,
,,,,,,,,,
,,,,,,,,,
,,,,,,,,,
,,,,,,,,,
"""State/Territory"",""Representative"",""Street Address"",""City"",""StateCode-1"",""Zip Code"",""ID"",""Owner""",,,,,,,,,
"""Alabama"",""Jerry Carl (R-1)"",""41 West I-65 Service Road N, Suite 200"",""Mobile"",""AL"",""36608"",""0001df6d-cf41-4542-9826-8462ea318f8a"",""de2c62ae-b8b2-4d0b-9c31-0bc55b21c05a""",,,,,,,,,
"""Alabama"",""Barry Moore (R-2)"",""201 E. Commerce St., Suite 201"",""Enterprise"",""AL"",""36330"",""065757d8-dd26-4d6a-b5a0-1b8639ee3b26"",""de2c62ae-b8b2-4d0b-9c31-0bc55b21c05a""",,,,,,,,,
"""Alabama"",""Mike Rogers (R-3)"",""100 West Troy Street, Suite 200"",""Dothan"",""AL"",""36303"",""3182d6a0-13dd-4bb4-b520-ab9fa7de8e18"",""de2c62ae-b8b2-4d0b-9c31-0bc55b21c05a""",,,,,,,,,
"""Alabama"",""Robert Aderholt (R-4)"",""101 W. Grand Ave., Suite 101"",""Decatur"",""AL"",""35601"",""65d3a650-17e1-475a-9f92-effe1c236ad5"",""de2c62ae-b8b2-4d0b-9c31-0bc55b21c05a""",,,,,,,,,
"""Alabama"",""Dale Strong (R-5)"",""103 13th St. NW, Suite 1"",""Huntsville"",""AL"",""35801"",""b72f139e-3f35-414b-a40c-84f00dd3cc3b"",""de2c62ae-b8b2-4d0b-9c31-0bc55b21c05a""",,,,,,,,,
"""Alabama"",""Gary Palmer (R-6)"",""600 Beacon Pkwy. W, Suite 300"",""Birmingham"",""AL"",""35209"",""6edc12b5-72aa-42bc-bf6a-2e870f497218"",""de2c62ae-b8b2-4d0b-9c31-0bc55b21c05a""",,,,,,,,,
"""Alabama"",""Terri Sewell (D-7)"",""420 20th St. N, Suite 2220"",""Birmingham"",""AL"",""35203"",""744ae2c3-184e-4554-bf5b-b05d0d4a0917"",""de2c62ae-b8b2-4d0b-9c31-0bc55b21c05a""",,,,,,,,,
"""Alaska"",""Mary Peltola (D-AL)"",""101 12th Ave., Suite 230"",""Fairbanks"",""AK"",""99701"",""96f37062-7462-4bf6-9aab-5f615ebd0082"",""de2c62ae-b8b2-4d0b-9c31-0bc55b21c05a""",,,,,,,,,
"""American Samoa"",""Aumua Amata Coleman Radewagen (R-AL)"",""Not Available"",""Not Available"",""AS"",""Not Available"",""ea00cbd9-d8cc-4957-88c1-e615892f4291"",""de2c62ae-b8b2-4d0b-9c31-0bc55b21c05a""",,,,,,,,,
"""Arizona"",""David Schweikert (R-1)"",""4742 N. 24th St., Suite 300"",""Phoenix"",""AZ"",""85016"",""cbec41df-84f3-40e7-86bd-685d1dab1940"",""de2c62ae-b8b2-4d0b-9c31-0bc55b21c05a""",,,,,,,,,
"""Arizona"",""Eli Crane (R-2)"",""222 N. Central Ave., Suite 700"",""Phoenix"",""AZ"",""85004"",""416627a5-bbe8-4620-897e-12ea0a877391"",""de2c62ae-b8b2-4d0b-9c31-0bc55b21c05a""",,,,,,,,,
"""Arizona"",""Ruben Gallego (D-3)"",""411 N. Central Ave., Suite 110"",""Phoenix"",""AZ"",""85004"",""91ef6e82-4eda-4464-8a1d-b8baef5911ef"",""de2c62ae-b8b2-4d0b-9c31-0bc55b21c05a""",,,,,,,,,
"""Arizona"",""Greg Stanton (D-4)"",""411 N. Central Ave., Suite 110"",""Phoenix"",""AZ"",""85004"",""c1f58553-91de-44b2-a2d6-9686fa0b45c1"",""de2c62ae-b8b2-4d0b-9c31-0bc55b21c05a""",,,,,,,,,
"""Arizona"",""Andy Biggs (R-5)"",""7121 E. 6th Ave., Suite 7"",""Mesa"",""AZ"",""85208"",""418015b0-2e13-4ede-81f7-bae7dea9fd32"",""de2c62ae-b8b2-4d0b-9c31-0bc55b21c05a""",,,,,,,,,
"""Arizona"",""Juan Ciscomani (R-6)"",""77 Calle Portal, Suite C-140"",""Sierra Vista"",""AZ"",""85635"",""e3e394b6-cfb8-4ad3-96ea-01254be3b9cf"",""de2c62ae-b8b2-4d0b-9c31-0bc55b21c05a""",,,,,,,,,
"""Arizona"",""Raúl Grijalva (D-7)"",""407 W. Congress St., Suite 101"",""Tucson"",""AZ"",""85701"",""e5aedfab-bfe6-4e27-b496-7ac04e6a45d3"",""de2c62ae-b8b2-4d0b-9c31-0bc55b21c05a""",,,,,,,,,
"""Arizona"",""Debbie Lesko (R-8)"",""8101 E. McDowell Rd., Suite 102"",""Scottsdale"",""AZ"",""85257"",""f4ea0ed2-4ecf-4c13-b913-89eb4e215ff4"",""de2c62ae-b8b2-4d0b-9c31-0bc55b21c05a""",,,,,,,,,
"""Arizona"",""Paul Gosar (R-9)"",""2030 S. Apache Rd., Suite 120"",""Buckeye"",""AZ"",""85326"",""62a94f9c-4420-451b-b68c-39d4f7673592"",""de2c62ae-b8b2-4d0b-9c31-0bc55b21c05a""",,,,,,,,,
"""Arkansas"",""Rick Crawford (R-1)"",""615 S. Main St., Suite 201"",""Jonesboro"",""AR"",""72401"",""d671ffde-e0d1-4414-aa7c-e4eb2ec8d471"",""de2c62ae-b8b2-4d0b-9c31-0bc55b21c05a""",,,,,,,,,
"""Arkansas"",""French Hill (R-2)"",""1501 N. University Ave., Suite 150"",""Little Rock"",""AR"",""72207"",""6368c261-5aef-4582-a26b-01c31034946e"",""de2c62ae-b8b2-4d0b-9c31-0bc55b21c05a""",,,,,,,,,